
INSERT INTO `effet` (`ef_id`,	`ef_nom`,	`ef_sco`,	`ef_sous`,	`ef_sante`,	`ef_soc`) VALUES
(1, 'Café', -5, -5, 10, 5),
(2, 'Maladie', 0, -15, -5, -5);



INSERT INTO `reponse` (`rep_id`,	`rep_txt`,	`rep_sante`,	`rep_soc`,	`rep_sous`,	`rep_sco`,	`rep_carte_suivante`,	`rep_carte_avenir`,	`rep_obj`,	`rep_effet`,	`rep_fait`,	`rep_mort`,	`rep_cycle`,	`rep_debutEvent`) VALUES
(1, 'Euh ?', 0, 0, 0, 0, 1, 0, '', '', 0, 0, '', 0),
(2, 'Oui', 0, 0, 0, 0, 1, 0, '', '', 0, 0, '', 0),
(3, 'Euh ??', 0, 0, 0, 0, 2, 0, '+1', '', 0, 0, '', 0),
(4, 'Oui', 0, 0, 0, 0, 2, 0, '+1', '', 0, 0, '', 0),
(5, 'sourire crispé', 0, 0, 0, 0, 3, 0, '', '', 0, 0, '', 0),
(6, 'Oui', 0, 0, 0, 0, 3, 0, '', '', 0, 0, '', 0),
(7, 'Ah !', 0, 0, 0, 0, 0, 0, '', '', 0, 0, '', 0),
(8, 'Oui', 0, 0, 0, 0, 0, 0, '', '', 0, 0, '', 0),
(9, 'Ja!', 0, 0, 0, -15, 6, 0, '', '', 0, 0, '', 0),
(10, 'I don’t think we’re ready yet…', 0, 0, 0, 15, 6, 0, '', '', 0, 0, '', 0),
(11, 'Help plz', 0, 0, 0, 15, 0, 0, '', '', 0, 0, '', 0),
(12, 'Don\'t foute you de ma gueule', 0, -15, 0, -15, 0, 0, '', '', 0, 0, '', 0),
(13, 'That is the question', 0, 0, 0, 30, 0, 0, '', '', 0, 0, '', 0),
(14, 'Wouf!', 0, 0, 0, -30, 0, 0, '', '', 0, 0, '', 0),
(15, 'Encore plus de questionnaires!', 0, 0, 0, 15, 0, 0, '', '', 0, 0, '', 0),
(16, 'Pourquoi?!?!', 0, 15, 0, 0, 0, 0, '', '', 0, 0, '', 0),
(17, 'L\'objectif de ma vie!!', 0, 0, 0, 30, 10, 0, '', '', 0, 0, '', 0),
(18, 'Euh?!', 0, 15, 0, 0, 10, 0, '', '', 0, 0, '', 0),
(19, 'Des explosions ! Des voitures ! Du feu ! Des explosions ! Des gens qui courent ! Mais surtout des explosions !!', -15, 15, 0, 0, 0, 0, '', '', 0, 0, '', 0),
(20, 'Une diapo et basta', 15, 0, 0, -15, 0, 0, '', '', 0, 0, '', 0),
(21, 'Et on doit le rendre quand déjà ?', 0, 0, 0, -15, 0, 0, '', '', 0, 0, '', 0),
(22, 'On avait un TD sur la mémoire !?', 0, 0, 0, -30, 0, 0, '', '', 0, 0, '', 0),
(23, '', 0, 0, 0, 0, 0, 0, '', '', 0, 0, '', 0),
(24, 'Le sujet de FH', 0, 0, 0, 0, 0, 0, '', '', 0, 0, '', 0),
(25, 'Sur le Patio', 0, 15, 0, 0, 168, 0, '-15&-14&-16', '', 0, 0, '', 0),
(26, 'Dans la bibliothèque', 0, 0, 0, 0, 0, 0, '+6', '', 0, 0, '', 0),
(27, 'Demandes à quelqu\'un d\'autre!', 0, -15, 0, 0, 0, 0, '', '', 0, 0, '', 0),
(28, 'Eh, tu sais, on sous-estime la bibliothèque', 0, 0, 0, 0, 0, 0, '+6', '', 0, 0, '', 0),
(29, 'Mais oui... Donnes le moi je vais le faire...', 0, 0, 0, 0, 0, 0, '+7', '', 40, 0, '', 0),
(30, 'Mais, je sais pas où c\'est, moi...', 0, 0, 0, 0, 16, 0, '', '', 0, 0, '', 0),
(31, 'Euh?', 0, 0, 0, 0, 0, 0, '+7', '', 40, 0, '', 0),
(32, 'Ok.', 0, 0, 0, 0, 0, 0, '+7', '', 40, 0, '', 0),
(33, 'Ok', 0, 0, 0, 0, 18, 0, '', '', 0, 0, '', 0),
(34, 'Non.', 0, 0, 0, 0, 0, 0, '', '', 0, 0, '', 0),
(35, 'Je...je..', 0, 15, 0, -20, 426, 0, '', '', 0, 22, '', 0),
(36, 'Mais...', 0, 15, 0, -20, 426, 0, '', '', 0, 22, '', 0),
(37, 'Se recoucher...', 0, 0, 0, 0, 20, 0, '', '', 0, 0, '', 0),
(38, 'Partir en courant', -30, 0, 0, 15, 0, 0, '', '', 0, 0, '', 0),
(39, 'Je...je..', 0, 0, 0, -100, 425, 0, '', '', 0, 12, '', 0),
(40, 'Mais...', 0, 0, 0, -100, 425, 0, '', '', 0, 12, '', 0),
(41, 'Quelle courbe?', 0, 0, 0, -15, 0, 0, '', '', 0, 0, '', 0),
(42, 'même intensité fréquence augmente', 0, 0, 0, 15, 0, 0, '', '', 0, 0, '', 0),
(43, 'Non', 0, 0, 0, -15, 0, 0, '', '', 0, 0, '', 0),
(44, 'Muy Bien', 0, 15, 0, 15, 0, 0, '', '', 0, 0, '', 0),
(45, 'Non merci', 0, 0, 15, -15, 0, 0, '', '', 0, 0, '', 0),
(46, 'Ouais!', -15, 0, -15, 0, 0, 0, '', '', 0, 0, '', 0),
(47, 'J\'étais malade', 0, 0, 0, -30, 0, 0, '', '', 0, 0, '', 0),
(48, 'Le chien de ma grand mère est mort', 0, -30, 0, 15, 0, 0, '', '', 0, 0, '', 0),
(49, 'BLEUBLEUBLEUBLEUBLEU', 0, 15, 0, -15, 0, 0, '', '', 0, 0, '', 0),
(50, 'Rouge', 0, 0, 0, 15, 0, 0, '', '', 0, 0, '', 0),
(51, 'ça ira merci', 0, -15, 0, -15, 0, 0, '', '', 0, 0, '', 0),
(52, 'je n\'y comprend rien...', 0, 0, 0, 15, 27, 0, '', '', 0, 0, '', 0),
(53, 'euh... quoi?', 15, 0, 0, -15, 0, 0, '', '', 0, 0, '', 0),
(54, 'comme les nombres plutôt ?', 0, -15, 0, 15, 0, 0, '', '', 33, 0, '', 0),
(55, 'Rester et travailler', 0, 0, 0, 30, 0, 0, '', '', 0, 0, '', 0),
(56, 'Retrouver des potes sur le patio', 0, 30, 0, 0, 167, 0, '-14&+19,-15', '', 0, 0, '', 0),
(57, 'Au Ru?', 15, 0, 15, 0, 30, 0, '', '', 0, 0, '', 0),
(58, 'A la cafet\'?', -15, 0, 0, 15, 32, 0, '', '', 0, 0, '', 0),
(59, 'FRITES!', -15, 0, 0, 0, 0, 0, '', '', 0, 0, '', 0),
(60, 'Classique', 15, 0, 0, 0, 31, 0, '', '', 0, 0, '', 0),
(61, 'ah?!', -30, 0, 0, 0, 0, 0, '', '', 0, 0, '', 0),
(62, 'oh...', -30, 0, 0, 0, 0, 0, '', '', 0, 0, '', 0),
(63, 'Merde!', 0, 0, 0, 0, 0, 0, '-14+15', '', 0, 0, '', 0),
(64, 'Oof', 0, 0, 0, 0, 0, 0, '-14+15', '', 0, 0, '', 0),
(65, 'L\'alarme incendie?', 0, 0, 0, 0, 0, 0, '', '', 0, 0, '', 0),
(66, 'Le chant des oiseaux?', 0, 15, 0, 0, 0, 0, '', '', 0, 0, '', 0),
(67, 'Passer 2h sur Facebook', 0, 15, 0, -15, 0, 0, '', '', 0, 0, '', 0),
(68, 'Faire l\'exercice', 0, 0, 0, 15, 0, 0, '', '', 0, 0, '', 0),
(69, 'Yep', 0, 30, 0, -15, 0, 0, '', '', 0, 0, '', 0),
(70, 'Nope', 0, -15, 0, 30, 0, 0, '', '', 0, 0, '', 0),
(71, 'Attends! je finis mon code et...', 0, 0, 0, 0, 37, 0, '', '', 0, 0, '', 0),
(72, 'Grave!', 0, 0, 0, 0, 38, 0, '', '', 0, 0, '', 0),
(73, 'Tant pis...', 0, 0, 0, 15, 0, 0, '', '', 0, 0, '', 0),
(74, 'C\'est pas moi ! Vérifiez, je n\'ai pas badgé ici hier soir.', 0, 0, 0, 15, 0, 0, '', '', 0, 0, '', 0),
(75, 'Je...je..', 0, 0, 0, 0, 427, 0, '', '', 0, 13, '', 0),
(76, 'Mais...', 0, 0, 0, 0, 427, 0, '', '', 0, 13, '', 0),
(77, 'Je vais rentrer...', 30, 0, 0, -20, 0, 0, '', '', 0, 0, '', 0),
(78, 'Non je peux le finir', -30, 0, 0, 30, 0, 0, '', '', 0, 0, '', 0),
(79, 'Dormir', 10, 0, 0, -10, 40, 0, '', '', 0, 0, '', 0),
(80, 'Réviser', -30, 0, 0, 15, 0, 0, '', '', 0, 0, '', 0),
(81, 'Get through smt with sbd', 0, 0, 0, -15, 0, 0, '', '', 0, 0, '', 0),
(82, 'Get through to sbd', 0, 0, 0, 15, 0, 0, '', '', 0, 0, '', 0),
(83, 'if it was French', 0, 0, 0, -15, 0, 0, '', '', 0, 0, '', 0),
(84, 'if it were French', 0, 0, 0, 15, 0, 0, '', '', 0, 0, '', 0),
(85, 'Problème d’encodage', 0, 0, 0, -15, 0, 0, '', '', 0, 0, '', 0),
(86, 'problème de restitution', 0, 0, 0, 15, 0, 0, '', '', 0, 0, '', 0),
(87, 'Elle a du mal ce matin', 0, 0, 0, 15, 0, 0, '', '', 0, 0, '', 0),
(88, 'Elle fait une attaque', 0, 0, 0, -15, 0, 0, '', '', 0, 0, '', 0),
(89, 'GABA', 0, 0, 0, 15, 0, 0, '', '', 0, 0, '', 0),
(90, 'Glutamate', 0, 0, 0, -15, 0, 0, '', '', 0, 0, '', 0),
(91, 'Dépolarisation, repolarisation et hyperpolarisation', 0, 0, 0, 15, 0, 0, '', '', 0, 0, '', 0),
(92, 'Polarisation, dépolarisation et hypopolarisation', 0, 0, 0, -15, 0, 0, '', '', 0, 0, '', 0),
(93, 'Liaison/surface d’interaction homme-machine', 0, 0, 0, -15, 0, 0, '', '', 0, 0, '', 0),
(94, 'classe abstraite dont tous les membres sont abstraits', 0, 0, 0, 15, 0, 0, '', '', 0, 0, '', 0),
(95, 'for (int i =0; i<=10; i++)', 0, 0, 0, -15, 0, 0, '', '', 0, 0, '', 0),
(96, 'for (int i =0; i<10; i++)', 0, 0, 0, 15, 0, 0, '', '', 0, 0, '', 0),
(97, 'Le mouvement chez le vivant', 0, 0, 0, 15, 0, 0, '', '', 0, 0, '', 0),
(98, 'Accélérer le processus de crotonisation des diols dans le réticulum endoplasmique rugueux', 0, 0, 0, -15, 0, 0, '', '', 0, 0, '', 0),
(99, '10-43 seconde', 0, 0, 0, 15, 0, 0, '', '', 0, 0, '', 0),
(100, '10-42 seconde', 0, 0, 0, -15, 0, 0, '', '', 0, 0, '', 0),
(101, 'Conception Centrée Utilisateurs', 0, 0, 0, 15, 0, 0, '', '', 0, 0, '', 0),
(102, 'Complet des Universitaires', 0, 0, 0, -15, 0, 0, '', '', 0, 0, '', 0),
(103, '5', 0, 0, 0, 15, 0, 0, '', '', 0, 0, '', 0),
(104, '10', 0, 0, 0, -15, 0, 0, '', '', 0, 0, '', 0),
(105, 'Analyse en composantes partielles', 0, 0, 0, -15, 0, 0, '', '', 0, 0, '', 0),
(106, 'Analyse en composantes principales', 0, 0, 0, 15, 0, 0, '', '', 0, 0, '', 0),
(107, 'La loi de Laplace-Gauss', 0, 0, 0, 15, 0, 0, '', '', 0, 0, '', 0),
(108, 'La loi de Cauchy-Schwarz', 0, 0, 0, -15, 0, 0, '', '', 0, 0, '', 0),
(109, 'Une intégrale qui dit “Verge”', 0, 0, 0, 0, 0, 0, '', '', 0, 0, '', 0),
(110, 'Une intégrale qui ne s’est pas douchée ce matin', 0, 0, 0, 0, 0, 0, '', '', 0, 0, '', 0),
(111, 'Décomposition d’un signal dans une base continue d’exponentielles complexes', 0, 0, 0, 15, 0, 0, '', '', 0, 0, '', 0),
(112, 'Décomposition d’un signal en somme de signaux partiels', 0, 0, 0, -15, 0, 0, '', '', 0, 0, '', 0),
(113, 'Automatique', 0, 0, 0, 15, 0, 0, '', '', 0, 0, '', 0),
(114, 'Automatismes', 0, 0, 0, -15, 0, 0, '', '', 0, 0, '', 0),
(115, 'Clermont', 0, 0, 0, 0, 0, 0, '', '', 0, 0, '', 0),
(116, 'Pesquet', 0, 0, 0, 0, 0, 0, '', '', 0, 0, '', 0),
(117, 'Côté serveur', 0, 0, 0, 0, 0, 0, '', '', 0, 0, '', 0),
(118, 'Côté client', 0, 0, 0, 0, 0, 0, '', '', 0, 0, '', 0),
(119, 'Super j’ai hâte', 0, 15, 0, 0, 61, 0, '', '', 0, 0, '', 0),
(120, 'Quoi, avec ces boulets ?', 0, -15, 0, 0, 61, 0, '', '', 0, 0, '', 0),
(121, '...', 0, -45, 0, 0, 62, 0, '', '', 0, 0, '', 0),
(122, '...', 0, -75, 0, 0, 62, 0, '', '', 0, 0, '', 0),
(123, '...', 0, -105, 0, 0, 63, 0, '', '', 0, 0, '', 0),
(124, '...', 0, -135, 0, 0, 63, 0, '', '', 0, 0, '', 0),
(125, '...', 0, -165, 0, 0, 64, 0, '', '', 0, 0, '', 0),
(126, '...', 0, -195, 0, 0, 64, 0, '', '', 0, 0, '', 0),
(127, '...', 0, -165, 0, 0, 0, 0, '', '', 0, 0, '', 0),
(128, '...', 0, -195, 0, 0, 0, 0, '', '', 0, 0, '', 0),
(129, 'La deadline c\'est demain!!!', 0, -20, 0, 0, 0, 0, '', '', 0, 0, '', 0),
(130, 'Hm hm', 0, 15, 0, -30, 0, 0, '', '', 0, 0, '', 0),
(131, 'Il est où 2 ?', 0, 0, 0, 15, 0, 0, '', '', 0, 0, '', 0),
(132, 'Hm hm', 0, -15, 0, 0, 0, 0, '', '', 0, 0, '', 0),
(133, 'Allez!', 0, 0, 0, 30, 0, 0, '', '', 0, 0, '', 0),
(134, 'Sowy not sowy', 0, 15, 0, 15, 68, 0, '', '', 0, 0, '', 0),
(135, '', 0, 0, 0, 0, 0, 0, '', '', 0, 0, '', 0),
(136, '', 0, 0, 0, 0, 0, 0, '', '', 0, 0, '', 0),
(137, 'J\'envoie ça tout de suite', -15, -15, 0, 15, 0, 0, '', '', 0, 0, '', 0),
(138, 'Oups, j\'ai oublié...', 0, 0, 0, -30, 0, 0, '', '', 0, 0, '', 0),
(139, 'Ok', 0, 0, 0, 0, 0, 0, '', '', 0, 0, '', 0),
(140, 'Nope, j\'ai pa\'l\'temps d\'naiser', 0, 0, 0, -45, 0, 0, '', '', 0, 0, '', 0),
(141, '...', 0, -15, 0, 15, 0, 0, '', '', 0, 0, '', 0),
(142, 'mrmmlmn', 0, 0, 0, 0, 0, 0, '', '', 0, 0, '', 0),
(143, 'Woah', 0, 0, 0, 0, 0, 0, '', '', 0, 0, '', 0),
(144, 'Faut qu\'on fête ça!', 0, 0, 0, 0, 0, 0, '', '', 0, 0, '', 0),
(145, '...', 0, 0, 0, -15, 0, 0, '', '', 0, 0, '', 0),
(146, '...', 0, 0, 0, -15, 0, 0, '', '', 0, 0, '', 0),
(147, 'Avez vous des questions ?', 0, 15, 0, 15, 0, 0, '', '', 0, 0, '', 0),
(148, '...', 0, -15, 0, -15, 0, 0, '', '', 0, 0, '', 0),
(149, 'Ah oui je vois !', 0, 0, 0, -15, 0, 0, '', '', 0, 0, '', 0),
(150, 'Heu …', 0, 0, 0, 0, 0, 0, '', '', 0, 0, '', 0),
(151, '', 0, 0, 0, 0, 0, 0, '', '', 0, 0, '', 0),
(152, '', 0, 0, 0, 0, 0, 0, '', '', 0, 0, '', 0),
(153, 'Oui!', 0, 0, 0, 15, 0, 0, '', '', 0, 0, '', 0),
(154, 'On y travaille dûr!', 0, -15, 0, 20, 0, 0, '', '', 0, 0, '', 0),
(155, 'Ah?', 0, 0, 0, -20, 0, 0, '', '', 0, 0, '', 0),
(156, 'Mais...', 0, 0, 0, -20, 0, 0, '', '', 0, 0, '', 0),
(157, 'Ok', 0, 0, 0, 0, 0, 0, '', '', 0, 0, '', 0),
(158, 'C\'est parti!', 0, 0, 0, 0, 0, 0, '', '', 0, 0, '', 0),
(159, '', 0, 0, 0, 0, 0, 0, '', '', 0, 0, '', 0),
(160, '', 0, 0, 0, 0, 0, 0, '', '', 0, 0, '', 0),
(161, '', 0, 0, 0, 0, 0, 0, '', '', 0, 0, '', 0),
(162, '', 0, 0, 0, 0, 0, 0, '', '', 0, 0, '', 0),
(163, 'Je... je...', 0, 0, 0, -100, 0, 0, '', '', 0, 0, '', 0),
(164, 'Mais...', 0, 0, 0, -100, 437, 0, '', '', 0, 14, '', 0),
(165, 'Oui', 0, 0, 0, -15, 437, 0, '', '', 0, 14, '', 0),
(166, 'Mais on peut zoomer!', 0, 0, 0, 15, 0, 0, '', '', 0, 0, '', 0),
(167, '', 0, 0, 0, 0, 0, 0, '', '', 0, 0, '', 0),
(168, '', 0, 0, 0, 0, 0, 0, '', '', 0, 0, '', 0),
(169, 'Merci !', 0, 0, 0, -15, 0, 0, '', '', 0, 0, '', 0),
(170, 'Ouf !', 0, 0, 0, -15, 0, 0, '', '', 0, 0, '', 0),
(171, 'Allez !', 0, 30, 0, 30, 85, 0, '', '', 0, 0, '', 0),
(172, 'Je préfère bosser mon transdi', 0, -15, 0, 0, 0, 0, '', '', 0, 0, '', 0),
(173, 'Je... je...', -100, -100, -100, -100, 0, 0, '', '', 0, 0, '', 0),
(174, 'Mais...', -100, -100, -100, -100, 0, 0, '', '', 0, 0, '', 0),
(175, 'Je ne peux rester qu’une heure', 0, -15, 0, -30, 0, 0, '', '', 0, 0, '', 0),
(176, 'On n’a qu’à s’occuper de ce diaporama', -20, 0, 0, 0, 0, 0, '', '', 0, 0, '', 0),
(177, 'Laaaarge !', 15, 0, 0, -30, 0, 0, '', '', 0, 0, '', 0),
(178, 'C’EST L’HEURE DU RUSH', -20, -20, 0, 15, 0, 0, '', '', 0, 0, '', 0),
(179, 'C’est risqué d’en enlever…', 0, 0, 0, 15, 0, 0, '', '', 0, 0, '', 0),
(180, 'Les risques c’est pour les chochottes', 0, 15, 0, -15, 0, 0, '', '', 0, 0, '', 0),
(181, '*se faire discret*', 0, -15, 0, 0, 0, 0, '', '', 0, 0, '', 0),
(182, 'Moi moi moi !', 0, 15, 0, 15, 0, 0, '', '', 0, 0, '', 0),
(183, 'Discret', 0, 0, 0, 0, 96, 0, '', '', 0, 0, '', 0),
(184, 'COUCOU C\'EST MOI', 0, 0, 0, 0, 93, 0, '', '', 0, 0, '', 0),
(185, 'Tu te fous de moi ?', 0, 0, 0, 0, 94, 0, '', '', 0, 0, '', 0),
(186, 'Blblblblblbl', 0, 0, 0, 0, 95, 0, '', '', 0, 0, '', 0),
(187, 'Yes !', 0, 0, 0, 0, 0, 0, '+22+4', '', 2, 0, '', 0),
(188, 'Oh non pas lui ...', -15, -15, 0, -15, 0, 0, '+22', '', 2, 0, '', 0),
(189, 'Yes !', 0, 0, 0, 0, 0, 0, '+20+4', '', 1, 0, '', 0),
(190, 'Oh non pas elle ...', -15, -15, 0, -15, 0, 0, '+20', '', 1, 0, '', 0),
(191, 'ça fait 3 fois que je te le dis !', 0, 0, 0, 0, 97, 0, '', '', 0, 0, '', 0),
(192, 'Comment oses-tu oublier mon nom ?', 0, 0, 0, 0, 98, 0, '', '', 0, 0, '', 0),
(193, 'Yes !', 0, 0, 0, 0, 0, 0, '+23+4', '', 4, 0, '', 0),
(194, 'Oh non pas lui ...', -15, -15, 0, -15, 0, 0, '+23', '', 4, 0, '', 0),
(195, 'MDR', 0, 0, 0, 0, 99, 0, '', '', 0, 0, '', 0),
(196, 'Oui', 0, 0, 0, 0, 100, 0, '', '', 0, 0, '', 0),
(197, 'Yes !', 0, 0, 0, 0, 0, 0, '+21+4', '', 3, 0, '', 0),
(198, 'Oh non pas lui ...', -15, -15, 0, -15, 0, 0, '+21', '', 3, 0, '', 0),
(199, 'Yes !', 0, 0, 0, 0, 0, 0, '+2+4', '', 5, 0, '', 0),
(200, 'Oh non pas elle ...', -15, -15, 0, -15, 0, 0, '+2', '', 5, 0, '', 0),
(201, 'Moi !', 0, 45, 0, -15, 0, 103, '', '', 0, 0, '', 0),
(202, 'Oui c\'est vrai ça ...', 0, -15, 15, 15, 0, 101, '', '', 0, 0, '', 0),
(203, 'Cool !', 0, 15, -15, 0, 0, 0, '', '', 0, 0, '', 0),
(204, 'Euh je passe mon tour, je m’en fiche de cette famille de bras cassé', 0, -30, 15, 15, 0, 0, '', '', 0, 0, '', 0),
(205, 'Faut pas oublier le champagne !', 0, 30, 15, 15, 0, 0, '', '', 0, 0, '', 0),
(206, 'Bof, on va à la crèperie plutôt ?', 15, -15, 0, 0, 0, 0, '', '', 0, 0, '', 0),
(207, 'Je suis balèze je peux en faire un', -15, 30, 0, -15, 0, 0, '', '', 0, 0, '', 0),
(208, 'Oui mais c’est pas grave parce qu’on est cool', 15, 30, 0, 0, 0, 0, '', '', 0, 0, '', 0),
(209, 'TURN UP !', -30, 30, -30, 0, 0, 0, '', '', 0, 0, '', 0),
(210, 'Je boirai plutôt un café pour les jaunes avant de bosser', 0, 0, -15, 30, 0, 0, '', '', 0, 0, '', 0),
(211, 'C’est rigolo ça', 15, 15, 0, 0, 0, 0, '', '', 0, 0, '', 0),
(212, 'Ah ok', 0, -15, 0, 0, 0, 0, '', '', 0, 0, '', 0),
(213, 'Ok', 0, 15, 0, 0, 0, 0, '', '', 0, 0, '', 0),
(214, 'Je pourrai pas non plus', 0, 0, 15, 0, 0, 0, '', '', 0, 0, '', 0),
(215, 'BLEUBLEUBLEUBLEUBLEU', 0, 15, 0, 0, 0, 0, '', '', 0, 0, '', 0),
(216, 'Ouais !', 0, 15, 0, 0, 0, 0, '', '', 0, 0, '', 0),
(217, 'YES !', 0, 15, 0, 0, 0, 0, '', '', 0, 0, '', 0),
(218, 'Ok on verra ça !', 0, 15, 0, 0, 0, 0, '', '', 0, 0, '', 0),
(219, 'C’est noté !', 0, 0, 0, 0, 0, 0, '', '', 0, 0, '', 0),
(220, 'Ok !', 0, 0, 0, 0, 0, 0, '', '', 0, 0, '', 0),
(221, 'J’ai une idée sur 10 et sa drôle de passion', 0, 0, 0, 0, 112, 0, '', '', 0, 0, '', 0),
(222, 'J’ai une idée sur 8 au bar !', 0, 0, 0, 0, 113, 0, '', '', 0, 0, '', 0),
(223, 'Ah ok', 0, -15, 0, 0, 0, 0, '', '', 0, 0, '', 0),
(224, 'Merde ...', 0, -15, 0, 0, 0, 0, '', '', 0, 0, '', 0),
(225, 'Super !', 0, 15, 0, 0, 114, 0, '', '', 0, 0, '', 0),
(226, 'Nice !', 0, 15, 0, 0, 114, 0, '', '', 0, 0, '', 0),
(227, 'Merci !', 0, 0, 0, 0, 0, 0, '', '', 41, 0, '', 0),
(228, 'Super !', 0, 0, 0, 0, 0, 0, '', '', 41, 0, '', 0),
(229, 'Ouais !', 0, 15, 0, -15, 0, 0, '', '', 41, 0, '', 0),
(230, 'Non déso', 0, -15, 0, 15, 0, 0, '', '', 0, 0, '', 0),
(231, 'Oui', 0, 0, -30, 0, 118, 0, '+5', '', 0, 0, '', 0),
(232, 'Non', 0, 0, 15, 0, 118, 0, '', '', 0, 0, '', 0),
(233, '...', 0, 0, 0, 0, 0, 0, '+5', '', 0, 0, '', 0),
(234, '...', 0, 0, 0, 0, 0, 0, '+5', '', 0, 0, '', 0),
(235, 'Super !', 0, 0, 0, 0, 0, 0, '+5', '', 0, 0, '', 0),
(236, 'Cool', 0, 0, 0, 0, 0, 0, '+5', '', 0, 0, '', 0),
(237, 'Oui', 0, 0, 0, 0, 0, 0, '-14&-15&-16', '', 0, 0, '', 0),
(238, 'Non', 0, 0, 0, 0, 0, 0, '', '', 0, 0, '', 0),
(239, 'Monter ma startup', 0, 0, 0, 0, 121, 0, '', '', 0, 0, '', 0),
(240, 'Aller chez Thalès', 0, 0, 0, 0, 123, 0, '', '', 0, 0, '', 0),
(241, 'Oui', 0, 0, 0, 0, 122, 0, '', '', 0, 0, '', 0),
(242, 'Non', 0, 0, 0, 0, 0, 0, '', '', 0, 0, '', 0),
(243, 'Eh bien justement...', 0, 0, 0, 0, 429, 0, '', '', 0, 23, '', 0),
(244, 'Non', 0, 0, 0, 0, 0, 0, '', '', 0, 0, '', 0),
(245, 'Oui', 0, -30, 0, 0, 0, 0, '', '', 0, 0, '', 0),
(246, 'Non', 0, 0, 0, 0, 0, 0, '', '', 0, 0, '', 0),
(247, 'Se garer ici', 0, 0, 0, 15, 430, 0, '', '', 0, 17, '', 0),
(248, 'Continuer à chercher', 0, 0, -15, -15, 0, 0, '', '', 0, 0, '', 0),
(249, 'Oui', 0, 15, 0, 0, 0, 0, '-14,+15&-16', '', 0, 0, '', 0),
(250, 'Non', 0, -30, 0, 0, 0, 0, '', '', 0, 0, '', 0),
(251, 'Oui', 0, 15, -15, 0, 0, 0, '', '+1', 0, 0, '', 0),
(252, 'Non', 0, -15, 15, 0, 0, 0, '', '', 0, 0, '', 0),
(253, 'Tu existes encore !', 0, 15, 0, 0, 0, 0, '', '', 0, 0, '', 0),
(254, 'Euh, tu es en quelle année ?', 0, -15, 0, 0, 0, 0, '', '', 0, 0, '', 0),
(255, 'Je dois finir mon devoir d\'anglais, j\'ai pas commencé...', 15, 0, 15, 15, 0, 0, '', '', 0, 0, '', 0),
(256, 'J\'amène la bière !', -30, 30, -30, 0, 0, 0, '', '', 0, 0, '', 0),
(257, 'Balance !', 0, 15, 0, 0, 0, 0, '', '', 43, 0, '', 0),
(258, 'Déso Patrick j\'ai pas le time', 0, 0, 0, 15, 0, 0, '', '', 0, 0, '', 0),
(259, 'L\'aider', 0, 15, 0, 0, 0, 0, '', '', 0, 0, '', 0),
(260, 'L\'ignorer', 0, 0, 0, 0, 0, 0, '', '', 0, 0, '', 0),
(261, 'Faire un câlin', 15, 15, 0, 0, 0, 0, '', '', 0, 0, '', 0),
(262, 'Se plaindre de l\'école', 0, -15, 0, -15, 0, 0, '', '', 0, 0, '', 0),
(263, 'L\'aider à se relever', 0, 30, 0, -15, 0, 0, '', '', 0, 0, '', 0),
(264, 'Tracer, vous êtes en retard en cours', 0, -30, 0, 15, 0, 0, '', '', 0, 0, '', 0),
(265, 'Taper la discute', 15, 30, 0, 0, 0, 0, '', '', 0, 0, '', 0),
(266, 'L\'ignorer', 0, -30, 0, 0, 0, 0, '', '', 0, 0, '', 0),
(267, 'Oui !', 0, 0, 0, -15, 0, 0, '', '', 0, 0, '', 0),
(268, 'T\'es qui ?', 0, 0, 15, 0, 0, 0, '', '', 0, 0, '', 0),
(269, 'Oui', 0, 15, 0, 0, 136, 0, '', '', 0, 0, '', 0),
(270, 'Non', 0, -15, 0, 0, 0, 0, '', '', 0, 0, '', 0),
(271, 'Oui', 0, 0, 0, -15, 137, 0, '', '', 0, 0, '', 0),
(272, 'Non', 0, 0, 0, 0, 0, 0, '', '', 0, 0, '', 0),
(273, 'De rien !', 0, 0, 0, 0, 0, 0, '', '', 42, 0, '2', 0),
(274, 'Anticipes la prochaine fois...', 0, 0, 0, 0, 0, 0, '', '', 0, 0, '', 0),
(275, 'Lui demander ce qu\'il trafique', 0, 0, 0, 0, 139, 0, '', '', 0, 0, '', 0),
(276, 'L\'ignorer', 0, 0, 0, 0, 0, 0, '', '', 0, 0, '', 0),
(277, 'Il y a un chaaaaaaaaat ?', 0, 0, 0, 0, 167, 0, '', '', 0, 0, '', 0),
(278, 'Ah. A plus.', 0, 0, 0, 0, 0, 0, '', '', 0, 0, '', 0),
(279, 'Oui', 15, 0, -30, 0, 0, 0, '', '', 0, 0, '', 0),
(280, 'Non, je préfère le RU', 0, -30, 45, 0, 0, 0, '', '', 0, 0, '', 0),
(281, 'Tu...', 0, 15, 0, 0, 0, 0, '', '', 0, 0, '', 0),
(282, 'Vous...', 0, -15, 0, 0, 0, 0, '', '', 0, 0, '', 0),
(283, 'Aller la voir', 0, 0, 0, 0, 424, 0, '', '', 0, 0, '', 0),
(284, 'Passer son chemin', 0, 0, 0, 0, 0, 0, '', '', 0, 0, '', 0),
(285, 'Oui, la O201', 0, 0, -30, 0, 0, 0, '', '', 0, 0, '', 0),
(286, 'Oui, la O204', 0, 0, 30, 0, 0, 0, '', '', 0, 0, '', 0),
(287, 'Bien, merci !', 0, 15, 0, 0, 0, 0, '', '', 0, 0, '', 0),
(288, 'Euh...', 0, -15, 0, 0, 0, 0, '', '', 0, 0, '', 0),
(289, 'Entendu !', 15, 15, 0, 0, 0, 0, '', '', 0, 0, '', 0),
(290, 'Je n\'ai pas le temps pour ça...', -15, -15, 0, 0, 0, 0, '', '', 0, 0, '', 0),
(291, 'Rester chez soi', 15, -15, 0, -15, 0, 0, '', '', 0, 0, '', 0),
(292, 'Aller en cours', 0, 0, 0, 0, 147, 0, '', '', 0, 0, '', 0),
(293, 'Je suis pas un(e) fragile moi', -30, -15, 0, -30, 0, 0, '', '', 0, 0, '', 0),
(294, 'Tu as raison ...', 15, 0, 0, 0, 0, 0, '', '', 0, 0, '', 0),
(295, 'Aller en cours', 0, 15, 0, 30, 0, 0, '', '', 0, 0, '', 0),
(296, 'Dormir', 15, -15, 0, -15, 0, 0, '', '', 0, 0, '', 0),
(297, 'Mettre le pull aux couleurs de la famille', 0, 0, 0, 0, 0, 0, '', '', 0, 0, '', 0),
(298, 'Mettre un autre sweat', 0, 0, 0, 0, 0, 0, '', '', 0, 0, '', 0),
(299, 'Aller faire les courses', 15, 0, -15, 0, 0, 0, '', '', 0, 0, '', 0),
(300, 'Manger des pâtes', 0, 0, 0, 0, 0, 0, '', '', 0, 0, '', 0),
(301, 'TA GUEULE', 15, -15, 0, 0, 0, 0, '', '', 0, 0, '', 0),
(302, 'Endurer', 0, 0, 0, 0, 0, 0, '', '', 0, 0, '', 0),
(303, 'Passer du temps à se fair eun petit repas', 30, 0, 0, 0, 0, 0, '', '', 0, 0, '', 0),
(304, 'Se cuire des pâtes en vitesse', -15, 0, 0, 0, 0, 0, '', '', 0, 0, '', 0),
(305, 'Oh pinaise oui, laisse moi chercher le popcorn', -15, 15, 0, 0, 0, 0, '', '', 0, 0, '', 0),
(306, 'Ce sera sans moi, il faut que je bosse', -15, 0, 0, 30, 0, 0, '', '', 0, 0, '', 0),
(307, 'Marcher et arriver un peu en retard', 15, 0, 0, -15, 0, 0, '', '', 0, 0, '', 0),
(308, 'Attendre le tram', 0, 0, 0, -15, 0, 0, '', '', 0, 0, '', 0),
(309, 'DU CAFE!', 15, 15, 0, 0, 156, 0, '', '', 0, 0, '', 0),
(310, 'De quoi tu parles ? Je dois encore finir mon code...', -15, -15, 0, -15, 0, 0, '', '', 0, 0, '', 0),
(311, 'Taper sur la machine', 0, 0, 0, 0, 0, 0, '+17', '', 0, 0, '', 0),
(312, 'Prévenir l\'administration', 0, 0, 0, 0, 0, 0, '', '', 0, 0, '', 0),
(313, 'DU CAFE !', 0, 0, 0, 0, 0, 0, '', '+1', 0, 0, '', 0),
(314, 'Presto', 0, 0, 0, 0, 0, 0, '', '', 0, 0, '', 0),
(315, '...', -15, 0, 0, -15, 0, 0, '', '', 0, 0, '', 0),
(316, '...', -15, 0, 0, -15, 0, 0, '', '', 0, 0, '', 0),
(317, 'Pas le temps, je dois bosser', 0, 0, 0, 15, 0, 0, '', '', 0, 0, '', 0),
(318, 'Allons-y !', 0, 30, 0, 0, 0, 0, '', '', 0, 0, '', 0),
(319, 'Décrocher', 0, 0, 0, 0, 0, 0, '', '', 0, 0, '', 0),
(320, 'Ignorer', 0, 0, 0, 0, 0, 0, '', '', 0, 0, '', 0),
(321, 'Oui, oui', 0, 0, 0, 0, 162, 0, '', '', 0, 0, '', 0),
(322, '...', 0, 0, 0, 0, 162, 0, '', '', 0, 0, '', 0),
(323, 'Oui, oui', 0, 0, 0, 0, 163, 0, '', '', 0, 0, '', 0),
(324, '...', 0, 0, 0, 0, 163, 0, '', '', 0, 0, '', 0),
(325, 'Raccrocher', 0, -15, 0, 0, 0, 0, '', '', 0, 0, '', 0),
(326, 'Continuer à écouter', 0, 0, 0, 0, 164, 0, '', '', 0, 0, '', 0),
(327, 'Je suis un peu serré niveau budget ...', 0, 0, 0, 30, 165, 0, '', '', 0, 0, '', 0),
(328, 'Raconter sa vie', 15, 15, 0, 0, 165, 0, '', '', 0, 0, '', 0),
(329, 'Oui, Oui ...', 30, 30, 0, -75, 0, 0, '', '', 0, 0, '', 0),
(330, 'Je vais donner des cours particuliers !', -30, -15, -15, -75, 0, 0, '', '', 0, 0, '', 0),
(331, 'Gné ?', 0, 0, 0, -15, 0, 0, '', '', 0, 0, '', 0),
(332, 'Ok !!', 0, 0, 0, 15, 0, 0, '', '', 0, 0, '', 0),
(333, 'Le caresser', 0, 0, 0, 0, 0, 0, '', '', 0, 0, '', 12),
(334, '...', 0, 0, 0, 0, 0, 0, '', '', 0, 0, '', 0),
(335, 'Ah', 0, 0, 0, 0, 0, 0, '', '', 0, 0, '', 0),
(336, '...', 0, 0, 0, 0, 0, 0, '', '', 0, 0, '', 0),
(337, 'C\'est noté !', 0, 0, 0, 0, 0, 0, '', '', 0, 0, '', 0),
(338, '...', 0, 0, 0, 0, 0, 0, '', '', 0, 0, '', 0),
(339, 'Ah bon ?', 0, 0, 0, 0, 0, 0, '', '', 0, 0, '', 0),
(340, '...', 0, 0, 0, 0, 0, 0, '', '', 0, 0, '', 0),
(341, 'Ok !', 0, 0, 0, 0, 0, 0, '', '', 0, 0, '', 0),
(342, '...', 0, 0, 0, 0, 0, 0, '', '', 0, 0, '', 0),
(343, 'C\'est noté !', 0, 0, 0, 0, 0, 0, '', '', 0, 0, '', 0),
(344, '...', 0, 0, 0, 0, 0, 0, '', '', 0, 0, '', 0),
(345, '...', 0, 0, 0, 0, 0, 0, '', '', 0, 0, '', 0),
(346, '...', 0, 0, 0, 0, 0, 0, '', '', 0, 0, '', 0),
(347, 'Bien !', 0, 0, 0, 0, 0, 0, '', '', 0, 0, '', 0),
(348, '...', 0, 0, 0, 0, 0, 0, '', '', 0, 0, '', 0),
(349, 'Oui !', 0, 0, 0, 0, 0, 0, '', '', 0, 0, '', 0),
(350, '...', 0, 0, 0, 0, 0, 0, '', '', 0, 0, '', 0),
(351, '...', 0, 0, 0, 0, 0, 0, '', '', 0, 0, '', 0),
(352, '...', 0, 0, 0, 0, 0, 0, '', '', 0, 0, '', 0),
(353, 'C\'est reparti !', 0, 0, 0, 0, 0, 0, '', '', 0, 0, '', 0),
(354, 'C\'est reparti !', 0, 0, 0, 0, 0, 0, '', '', 0, 0, '', 0),
(355, 'Non', 0, -15, 0, 0, 0, 0, '', '', 0, 0, '', 0),
(356, 'Oui !', 0, 15, 0, 0, 0, 0, '', '', 0, 0, '', 0),
(357, 'Oui ! ', 0, 25, -10, 0, 0, 0, '', '', 0, 0, '', 0),
(358, 'Non ...', 0, -10, 10, 0, 0, 0, '', '', 0, 0, '', 0),
(359, 'Hum plutôt pas', 0, -15, 0, 0, 0, 0, '', '', 0, 0, '', 0),
(360, 'Okey !', 0, 15, 0, 0, 0, 0, '', '', 0, 0, '', 0),
(361, 'Oui !', -10, 0, -25, 0, 0, 0, '', '', 0, 0, '', 0),
(362, 'Je passe mon tour', 0, 0, 0, 0, 0, 0, '', '', 0, 0, '', 0),
(363, 'Faut que je bosse.', 0, -10, 0, 25, 0, 0, '', '', 0, 0, '', 0),
(364, 'Dodo !', 30, 0, 0, 0, 0, 0, '', '', 0, 0, '', 0),
(365, 'Ah non !', 10, 0, 0, 0, 0, 0, '', '', 0, 0, '', 0),
(366, 'Oui !', -20, 30, -10, 0, 0, 0, '', '', 0, 0, '', 0),
(367, 'Yeeaah', 15, 15, 0, 0, 0, 0, '', '', 0, 0, '', 0),
(368, 'Heu non', 0, 0, 0, 0, 0, 0, '', '', 0, 0, '', 0),
(369, 'Allons-y !', 0, 15, 0, 0, 198, 0, '', '', 0, 0, '', 0),
(370, 'C\'est interdit !', 0, 0, 0, 15, 0, 0, '', '', 0, 0, '', 0),
(371, 'zhdheifh ?', 0, 0, 0, 0, 0, 0, '', '', 38, 0, '', 0),
(372, 'uujjuuuju !', 0, 0, 0, 0, 0, 0, '', '', 38, 0, '', 0),
(373, 'C\'est énorme, laisse moi immortaliser ce moment !', 0, 0, 0, 0, 0, 0, '+10', '', 0, 0, '', 0),
(374, 'Mais qu\'est-ce qui fait encore celui-là ? Il va attraper froid ...', 0, 0, 0, 0, 189, 0, '', '', 0, 0, '', 0),
(375, '...', 0, 0, 0, 0, 0, 0, '', '', 0, 0, '', 0),
(376, '...', 0, 0, 0, 0, 0, 0, '', '', 0, 0, '', 0),
(377, 'Je... je...', 0, 0, 0, 0, 438, 0, '', '', 0, 15, '', 0),
(378, 'Mais...', 0, 0, 0, 0, 438, 0, '', '', 0, 15, '', 0),
(379, 'Yes !', 15, 15, 0, 0, 0, 0, '', '', 0, 0, '', 0),
(380, 'Trop la flemme, je veux dormir...', 30, 0, 0, 0, 0, 0, '', '', 0, 0, '', 0),
(381, 'Gros ??', 0, -15, 0, 0, 0, 0, '', '', 0, 0, '', 0),
(382, 'Grave!', 0, 15, 0, 0, 192, 0, '', '', 0, 0, '', 0),
(383, 'Chercher derrière le canapé', 0, 0, 0, 0, 0, 0, '', '', 39, 0, '', 0),
(384, 'Chercher derrière le frigo', 0, 0, 0, 0, 105, 0, '+18', '', 0, 0, '', 0),
(385, 'Beeeurk', 0, 0, 0, 0, 0, 0, '', '', 32, 0, '', 0),
(386, 'Tiens, j\'ai faim...', 0, 0, 0, 0, 0, 0, '', '', 32, 0, '', 0),
(387, 'Pas mon problème.', 0, -15, 0, 0, 0, 0, '', '', 0, 0, '', 0),
(388, 'Laissez, je m\'en occupe.', 0, 15, 0, 0, 0, 0, '', '', 0, 0, '', 0),
(389, 'Vous avez mon soutien moral.', 0, 0, 15, 0, 0, 0, '', '', 0, 0, '', 0),
(390, 'J\'en prends deux !!', 0, 0, -30, 0, 0, 0, '', '', 37, 0, '', 0),
(391, 'Non', 0, 0, 0, 0, 0, 0, '', '', 0, 0, '', 0),
(392, 'Oui', 0, 0, -15, 0, 196, 0, '', '', 0, 0, '', 0),
(393, 'De l\'eau', 15, 0, 0, 0, 0, 0, '', '', 0, 0, '', 0),
(394, 'Un kinder Bueno', -15, 0, 0, 0, 198, 0, '', '', 0, 0, '', 0),
(395, 'Et ?', 0, 0, 0, 0, 199, 0, '', '', 0, 0, '', 0),
(396, 'C\'est pas moi, j\'ai un alibi.', 0, -15, 0, 0, 0, 0, '', '', 0, 0, '', 0),
(397, 'Mdr, non.', 0, -30, 0, 0, 0, 0, '', '', 0, 0, '', 0),
(398, 'Vas-y !', 0, 30, 0, 0, 0, 0, '', '', 0, 0, '', 0),
(399, 'Oui', 0, 0, 0, 0, 201, 0, '', '', 0, 0, '', 0),
(400, 'Comment ?', 0, 0, 0, 0, 201, 0, '', '', 0, 0, '', 0),
(401, 'L\'ENT ?', 0, 0, 0, 0, 202, 0, '', '', 0, 0, '', 0),
(402, 'Hm ??', 0, 0, 0, 0, 202, 0, '', '', 0, 0, '', 0),
(403, '\"Cliquer sur \"\"mes infos\"\", compris\"', 0, 0, 0, 0, 203, 0, '', '', 0, 0, '', 0),
(404, 'Sur ?..', 0, 0, 0, 0, 203, 0, '', '', 0, 0, '', 0),
(405, 'Configurer le mot de passe!', 0, 0, 0, 0, 204, 0, '', '', 0, 0, '', 0),
(406, 'Oui', 0, 0, 0, 0, 204, 0, '', '', 0, 0, '', 0),
(407, 'Accéder à l\'ENT', 0, 0, 0, 0, 205, 0, '', '', 0, 0, '', 0),
(408, 'Aller sur Moodle', 0, 0, 0, 0, 0, 0, '', '', 0, 0, '', 0),
(409, '\"Cliquer sur \"\"mon EDT\"\"\"', 0, 0, 0, 0, 0, 0, '', '', 0, 0, '', 0),
(410, '\"Cliquer sur \"\"mes infos\"\"\"', 0, 0, 0, 0, 206, 0, '', '', 0, 0, '', 0),
(411, 'Mais non, rentre un mot de passe !', 0, 0, 0, 0, 0, 0, '', '', 36, 0, '', 0),
(412, 'luyefhom_iu', 0, 0, 0, 0, 0, 0, '', '', 0, 0, '', 0),
(413, 'Lui parler', 0, 30, 0, 0, 0, 0, '', '', 0, 0, '', 0),
(414, 'Trouver quelqu\'un d\'autre', 0, 0, 0, 0, 0, 0, '', '', 0, 0, '', 0),
(415, '...', 0, 0, 0, 0, 0, 0, '', '', 0, 0, '', 0),
(416, '...', 0, 0, 0, 0, 0, 0, '', '', 0, 0, '', 0),
(417, 'Tu as bu, je vais te ramener.', 0, -10, 0, 0, 210, 0, '', '', 0, 0, '', 0),
(418, 'Ouiii c\'est une super soirée !', 0, 15, 15, 0, 211, 0, '', '', 0, 0, '', 0),
(419, '...', 0, 0, 0, 0, 0, 0, '', '', 0, 0, '', 0),
(420, '...', 0, 0, 0, 0, 0, 0, '', '', 0, 0, '', 0),
(421, 'Cooool !', 0, 10, 10, 0, 0, 0, '', '', 0, 0, '', 0),
(422, 'Yes !', 0, 10, 10, 0, 0, 0, '', '', 0, 0, '', 0),
(423, 'Oui !', 0, 10, 0, -10, 213, 0, '', '', 0, 0, '', 0),
(424, 'Non ça a l\'air risqué.', 0, 0, 0, 0, 0, 0, '', '', 0, 0, '', 0),
(425, '...', -10, -20, 10, -10, 0, 0, '', '', 0, 0, '', 0),
(426, '...', -10, -20, 10, -10, 0, 0, '', '', 0, 0, '', 0),
(427, 'Chez moi !!', -15, 30, 0, -10, 0, 0, '', '', 0, 0, '', 0),
(428, 'Chez Tom !', 15, 15, 0, 0, 0, 0, '', '', 0, 0, '', 0),
(429, 'Cul sec', 0, 0, 0, 0, 0, 0, '', '', 0, 0, '', 0),
(430, 'Le garder pour le trajet', 0, 0, 0, 0, 0, 0, '+9', '', 0, 0, '', 0),
(431, 'Vite vite vite !', 0, 0, 15, 0, 0, 0, '', '', 0, 0, '', 0),
(432, 'Oui oui j\'arrive !', 0, 0, 0, 0, 0, 0, '', '', 0, 0, '', 0),
(433, 'Oui oui', 0, 10, 0, 15, 0, 0, '', '', 0, 0, '', 0),
(434, '*hips*', 0, 0, 0, 0, 0, 0, '', '', 0, 0, '', 0),
(435, 'Cocktail !', -20, 0, -10, 0, 0, 0, '', '', 0, 0, '', 0),
(436, 'Bière !', 0, 10, -10, 0, 0, 0, '', '', 0, 0, '', 0),
(437, 'Encore un verre !', 0, 10, -10, 0, 220, 0, '', '', 0, 0, '', 0),
(438, 'Je pense oui ...', 10, 0, 10, 0, 0, 0, '', '', 0, 0, '', 0),
(439, '...', 0, 0, 0, 0, 0, 0, '-14,+15', '', 0, 0, '', 0),
(440, '...', 0, 0, 0, 0, 0, 0, '-14,+15', '', 0, 0, '', 0),
(441, 'De l\'eau peut-être.', 10, -10, 5, 0, 0, 0, '', '', 0, 0, '', 0),
(442, 'Une pinte même !', -10, 10, 0, 0, 0, 0, '', '', 0, 0, '', 0),
(443, '...', 0, 0, 0, 0, 224, 0, '-1&-14&-15&', '', 0, 0, '', 0),
(444, 'Oups', 0, 0, 0, 0, 0, 0, '-1&-14&-15&', '', 0, 0, '', 0),
(445, 'Une bière s\'il te plait !', 0, 0, -10, 0, 0, 0, '', '', 0, 0, '', 0),
(446, 'Tranquille et toi ?', 0, 20, 0, 0, 226, 0, '', '', 0, 0, '', 0),
(447, 'Merci !', 0, 15, 10, 0, 222, 0, '', '', 0, 0, '', 0),
(448, 'Cool !', 0, 15, 10, 0, 222, 0, '', '', 0, 0, '', 0),
(449, 'De la licorne !', 0, 0, 0, 0, 0, 0, '', '', 0, 0, '', 0),
(450, 'Un triple karmeliet !', 0, 0, 0, 0, 0, 0, '', '', 0, 0, '', 0),
(451, 'C\'est toi qui t\'es foulée la cheville au WEI ?', 0, -15, 0, 0, 0, 0, '', '', 0, 0, '', 0),
(452, 'L\'important c\'est l\'intention !', 0, 15, 0, 0, 0, 0, '', '', 0, 0, '', 0),
(453, 'J’adore ton état d’esprit !', 0, 15, 0, 0, 0, 0, '', '', 0, 0, '', 0),
(454, 'Sauf qu’on perd la coupe des familles, ça craint.', 0, -15, 0, 0, 0, 0, '', '', 0, 0, '', 0),
(455, 'T’es sérieux là ?', 0, 15, 0, 0, 0, 0, '', '', 0, 0, '', 0),
(456, 'J’avais oublié que j’avais un parrain…', 0, -15, 0, 0, 0, 0, '', '', 0, 0, '', 0),
(457, 'BLEUBLEUBLEU', -15, 15, 0, 0, 0, 0, '', '', 0, 0, '', 0),
(458, 'T’as un problème, non ?', 0, -15, 0, 0, 0, 0, '', '', 0, 0, '', 0),
(459, 'Merci ! Je crois que je sui tombée malade….” (“tiens voilà des médicaments !”', 30, 0, 0, 0, 0, 0, '', '', 0, 0, '', 0),
(460, 'Merci ! Je comprends rien en neurobio…” (“j’ai un peu de temps je vais t’expliquer !”', 0, 0, 0, 30, 0, 0, '', '', 0, 0, '', 0),
(461, 'Carrément, je skie depuis que j’ai 3 ans ca va être génial', 0, 15, -30, 0, 0, 0, '', '', 0, 0, '', 0),
(462, 'Non, pas vraiment', 0, 0, 30, 0, 0, 0, '', '', 0, 0, '', 0),
(463, 'Du ski !!', 0, 15, 0, 0, 0, 0, '', '', 0, 0, '', 0),
(464, 'De la luge !!', 15, -15, 0, 0, 0, 0, '', '', 0, 0, '', 0),
(465, 'Raclette !', 0, 30, 0, 0, 0, 0, '', '', 0, 0, '', 0),
(466, 'Barbeuk !!', 0, -15, -15, 0, 0, 0, '', '', 0, 0, '', 0),
(467, 'Okay !', 0, 0, 0, 0, 431, 0, '', '', 0, 24, '', 0),
(468, 'Euuuh', 0, 0, 0, 0, 0, 0, '', '', 0, 0, '', 0),
(469, '...', 0, 0, 0, 0, 0, 0, '', '', 0, 0, '', 0),
(470, '...', 0, 0, 0, 0, 0, 0, '', '', 0, 0, '', 0),
(471, 'Carrément !', -15, 30, 0, 0, 0, 0, '', '', 0, 0, '', 0),
(472, 'Je passe mon tour', 15, -15, 0, 0, 0, 0, '', '', 0, 0, '', 0),
(473, 'Ok, j\'me barre', 0, 0, 0, 0, 0, 0, '', '', 0, 0, '', 0),
(474, 'Qu\'est-ce que c\'est ?', 0, 0, 0, 0, 238, 0, '', '', 0, 0, '', 0),
(475, 'L\'aider', 0, 30, 0, 0, 0, 0, '', '', 0, 0, '', 0),
(476, 'Beurk, c\'est dégueulasse', 15, -15, 0, 0, 0, 0, '', '', 0, 0, '', 0),
(477, 'Oui ! J’ai bien trop faim…', 15, 0, 0, 0, 0, 0, '', '', 0, 0, '', 0),
(478, 'Non, chacun son repas !', -15, 0, -15, 0, 0, 0, '', '', 0, 0, '', 0),
(479, 'Vraiment ?! T’es une vraie pote', -30, 0, 0, 0, 0, 0, '', '', 0, 0, '', 0),
(480, 'J’ai pas très envi.e de tomber sur le Directeur tout bourré.e non plus…', 0, 0, 30, 0, 0, 0, '', '', 0, 0, '', 0),
(481, 'Tom !', 0, 0, 15, 0, 0, 0, '', '', 42, 0, '2', 0),
(482, 'Alexia !', 0, 0, 0, 0, 242, 0, '', '', 0, 0, '', 0),
(483, '...', 0, 0, -10, 0, 0, 0, '', '', 0, 0, '', 0),
(484, '...', 0, 0, -10, 0, 0, 0, '', '', 0, 0, '', 0),
(485, 'Allez venez danser !', 0, 0, 15, 0, 0, 0, '', '', 0, 0, '', 0),
(486, 'moi, non plus, je ne vais pas tarder', 0, 0, 0, 15, 0, 0, '', '', 0, 0, '', 0),
(487, 'avec plaisir, monsieur', 0, 0, 0, 0, 0, 0, '', '', 0, 0, '', 0),
(488, 'euh, je ne suis pas très photogénique', 0, 0, 0, 0, 0, 0, '', '', 0, 0, '', 0),
(489, 'Le Roi Lion!', 0, 0, 0, 0, 0, 246, '', '', 0, 0, '', 0),
(490, 'L\'exorciste !', 0, 0, 0, 0, 0, 248, '', '', 0, 0, '', 0),
(491, 'Grave !', 15, 0, -15, 0, 247, 0, '', '', 0, 0, '', 0),
(492, 'Je suis pas sûr...', 0, 0, -30, 0, 0, 0, '', '', 0, 0, '', 0),
(493, '...', 0, 0, 0, 0, 0, 0, '', '', 0, 0, '', 0),
(494, '...', 0, 0, 0, 0, 0, 0, '', '', 0, 0, '', 0),
(495, 'Grave !', 15, -5, 10, -15, 249, 0, '', '', 0, 0, '', 0),
(496, 'Je suis pas sûr...', 0, 0, -30, 0, 0, 0, '', '', 0, 0, '', 0),
(497, '...', 0, 0, 0, 0, 0, 0, '', '', 0, 0, '', 0),
(498, '...', 0, 0, 0, 0, 0, 0, '', '', 0, 0, '', 0),
(499, 'Astérix Mission cléopâtre !', 0, 0, 0, 0, 0, 251, '', '', 0, 0, '', 0),
(500, 'Titanic !', 0, 0, 0, 0, 0, 253, '', '', 0, 0, '', 0),
(501, 'Grave !', 15, 0, 30, 0, 252, 0, '', '', 0, 0, '', 0),
(502, 'Je suis pas sûr...', 0, 0, -30, 0, 0, 0, '', '', 0, 0, '', 0),
(503, '...', 0, 0, 0, 0, 0, 0, '', '', 0, 0, '', 0),
(504, '...', 0, 0, 0, 0, 0, 0, '', '', 0, 0, '', 0),
(505, 'Grave !', -30, 0, 0, 0, 254, 0, '', '', 0, 0, '', 0),
(506, 'Je suis pas sûr...', 0, 0, -30, 0, 0, 0, '', '', 0, 0, '', 0),
(507, '...', 0, 0, 0, 0, 0, 0, '', '', 0, 0, '', 0),
(508, '...', 0, 0, 0, 0, 0, 0, '', '', 0, 0, '', 0),
(509, 'Ouais!', 0, 0, 0, 0, 0, 256, '', '', 0, 0, '', 0),
(510, 'Non je suis un gros radin', 0, 15, -45, 0, 0, 0, '', '', 0, 0, '', 0),
(511, 'Oh!', 0, 0, 0, 0, 0, 260, '', '', 0, 0, '', 0),
(512, 'Qui ?', 0, 0, 0, 0, 0, 260, '', '', 0, 0, '', 0),
(513, 'Oh!', 0, 0, 0, 0, 0, 261, '', '', 0, 0, '', 0),
(514, 'Qui ?', 0, 0, 0, 0, 0, 261, '', '', 0, 0, '', 0),
(515, 'Oh!', 0, 0, 0, 0, 0, 262, '', '', 0, 0, '', 0),
(516, 'Qui ?', 0, 0, 0, 0, 0, 262, '', '', 0, 0, '', 0),
(517, 'Oh!', 0, 0, 0, 0, 0, 263, '', '', 0, 0, '', 0),
(518, 'Qui ?', 0, 0, 0, 0, 0, 263, '', '', 0, 0, '', 0),
(519, 'Un miroir !', 0, 0, 0, 0, 264, 0, '', '', 0, 0, '', 0),
(520, 'Un bouquin de transhumanisme !', 0, 0, 0, 0, 265, 0, '', '', 0, 0, '', 0),
(521, 'Un thé détox !', 0, 0, 0, 0, 264, 0, '', '', 0, 0, '', 0),
(522, 'Un miroir !', 0, 0, 0, 0, 265, 0, '', '', 0, 0, '', 0),
(523, 'Un bouquin de transhumanisme !', 0, 0, 0, 0, 264, 0, '', '', 0, 0, '', 0),
(524, 'Une bière atrisanale !', 0, 0, 0, 0, 265, 0, '', '', 0, 0, '', 0),
(525, 'Une bière atrisanale !', 0, 0, 0, 0, 264, 0, '', '', 0, 0, '', 0),
(526, 'Un thé détox !', 0, 0, 0, 0, 265, 0, '', '', 0, 0, '', 0),
(527, '...', 0, 0, 0, 0, 0, 0, '+11', '', 0, 0, '', 0),
(528, '...', 0, 0, 0, 0, 0, 0, '+11', '', 0, 0, '', 0),
(529, '...', 0, 0, 0, 0, 0, 0, '', '', 0, 0, '', 0),
(530, '...', 0, 0, 0, 0, 0, 0, '', '', 0, 0, '', 0),
(531, 'Allons-y !', -15, 0, 30, 0, 0, 0, '', '', 0, 0, '', 0),
(532, 'Ah ça non !', 0, 0, -15, 0, 0, 0, '', '', 0, 0, '', 0),
(533, 'Vite, les lunettes !', 0, 0, 15, 0, 0, 0, '', '', 0, 0, '', 0),
(534, 'Vite la capote !', 15, 0, -15, 0, 268, 0, '', '', 0, 0, '', 0),
(535, '...', 0, 0, 0, 0, 0, 0, '', '', 0, 0, '', 0),
(536, '...', 0, 0, 0, 0, 0, 0, '', '', 0, 0, '', 0),
(537, 'Des coordonnées, regarde sur la carte !', 15, 0, 0, 0, 270, 0, '', '', 0, 0, '', 0),
(538, 'ça a à voir avec l’astrologie, non ?', -15, 0, 0, 0, 271, 0, '', '', 0, 0, '', 0),
(539, '...', 0, 0, 0, 0, 0, 0, '', '', 0, 0, '', 0),
(540, '...', 0, 0, 0, 0, 0, 0, '', '', 0, 0, '', 0),
(541, '...', 0, 0, 0, 0, 0, 0, '', '', 0, 0, '', 0),
(542, '...', 0, 0, 0, 0, 0, 0, '', '', 0, 0, '', 0),
(543, 'On gagne à coup sûr !', 0, 0, 15, 0, 0, 0, '', '', 41, 0, '', 0),
(544, 'Haha... non...', 0, 0, -15, 0, 0, 0, '', '', 0, 0, '', 0),
(545, 'Le point est à NOOOUUUSS', -15, 0, 15, 0, 274, 0, '', '', 0, 0, '', 0),
(546, 'Les autres sont bien trop impliqués...', 0, 0, 15, 0, 275, 0, '', '', 0, 0, '', 0),
(547, '...', 0, 0, 0, 0, 0, 0, '', '', 0, 0, '', 0),
(548, '...', 0, 0, 0, 0, 0, 0, '', '', 0, 0, '', 0),
(549, '...', 0, 0, 0, 0, 0, 0, '', '', 0, 0, '', 0),
(550, '...', 0, 0, 0, 0, 0, 0, '', '', 0, 0, '', 0),
(551, 'Du bout des lèvres, je peux peut etre gouter…', 15, 0, -15, 0, 0, 0, '', '', 0, 0, '', 0),
(552, 'Je crois qu’il y a du gingembre dedans, je vais regouter', -15, 0, 15, 0, 0, 0, '', '', 0, 0, '', 0),
(553, 'Il fallait se déguiser ?', -15, 0, -30, 0, 313, 0, '', '', 0, 0, '', 0),
(554, 'Ca gère de ouf tu vas voir', 0, -15, 30, 0, 314, 0, '', '', 0, 0, '', 0),
(555, 'Bosser quand même', -15, 0, 0, 15, 279, 0, '', '', 0, 0, '', 0),
(556, 'Traîner un peu', 15, 0, 0, 0, 0, 0, '', '', 0, 0, '', 0),
(557, 'Non', 0, 0, 0, 0, 0, 0, '', '', 0, 0, '', 0),
(558, 'Oui', 0, 0, 0, 0, 280, 0, '', '', 0, 0, '', 0),
(559, 'Visuel !', 0, 0, 0, 0, 281, 0, '', '', 0, 0, '', 0),
(560, 'Un complément de l\'état de l\'art !', 0, 0, 0, 0, 0, 0, '', '', 0, 0, '', 0),
(561, 'Oui !', 0, 0, 0, 0, 282, 0, '', '', 0, 0, '', 0),
(562, 'Je ne pense pas que ce soit une bonne idée...', 0, 0, 0, 0, 0, 0, '', '', 0, 0, '', 0),
(563, 'Je ne suis pas sur ...', 0, 0, 0, 0, 0, 0, '', '', 0, 0, '', 0),
(564, 'Oui !', 0, 0, 0, 0, 283, 0, '', '', 0, 0, '', 0),
(565, '...', 0, 0, 0, 0, 0, 0, '', '', 44, 0, '', 0),
(566, '...', 0, 0, 0, 0, 0, 0, '', '', 44, 0, '', 0),
(567, 'Oui !', 0, 0, 0, 15, 285, 0, '', '', 0, 0, '', 0),
(568, 'Non, je suis un peu fatigué', 15, 0, 0, -15, 0, 0, '', '', 0, 0, '', 0),
(569, '...', 0, 0, 0, 0, 286, 0, '', '', 0, 0, '', 0),
(570, 'Fuir', 0, 0, 0, 0, 0, 0, '', '', 0, 0, '', 0),
(571, 'Non merci, je suis en train de conclure !', 0, 0, 0, 15, 0, 0, '', '', 0, 0, '', 0),
(572, 'Je ne dis pas non !', 0, 0, 0, 0, 287, 0, '', '', 0, 0, '', 0),
(573, 'Oui', 0, 0, 0, 0, 288, 0, '', '', 0, 0, '', 0),
(574, 'Non', 0, 0, 0, 0, 0, 0, '', '', 0, 0, '', 0),
(575, 'Ok, j\'me casse', 0, 0, 0, 0, 0, 0, '', '', 0, 0, '', 0),
(576, '...', 0, 0, 0, 0, 289, 0, '', '', 0, 0, '', 0),
(577, '...', 0, 0, 0, 0, 0, 0, '', '', 21, 0, '', 0),
(578, '...', 0, 0, 0, 0, 0, 0, '', '', 21, 0, '', 0),
(579, 'Le Week End Formation ?', 0, 0, 0, 0, 291, 0, '', '', 0, 0, '', 0),
(580, 'Le quoi ??', 0, 0, 0, 0, 291, 0, '', '', 0, 0, '', 0),
(581, 'Le braille ?', 15, 0, 0, 0, 292, 0, '', '', 0, 0, '', 0),
(582, 'Ca ne m\'intéresse pas', -15, 0, 0, 0, 0, 0, '', '', 0, 0, '', 0),
(583, 'Oh !', 0, 0, 0, 0, 293, 0, '', '', 0, 0, '', 0),
(584, '...', 0, 0, 0, 0, 293, 0, '', '', 0, 0, '', 0),
(585, 'Ok, j\'y penserais !', 0, 0, 0, 0, 0, 294, '', '', 0, 0, '', 0),
(586, 'J\'irais plutot à la JE pour me former...', 0, 0, 0, 0, 0, 0, '', '', 0, 0, '', 0),
(587, 'En S112', 0, 0, 0, 0, 0, 0, '', '', 0, 0, '', 0),
(588, 'Sur le patio', 0, 0, 0, 0, 295, 0, '', '', 0, 0, '', 0),
(589, 'Oui !', 0, 0, 0, 0, 0, 0, '', '19', 0, 0, '', 0),
(590, 'Euh, non ...', 0, 0, 0, 0, 0, 0, '', '', 0, 0, '', 0),
(591, 'Let\'s go !!', 15, 0, 0, 0, 297, 0, '', '', 0, 0, '', 0),
(592, 'Non merci !', 0, -15, 0, 0, 0, 0, '', '', 0, 0, '', 0),
(593, 'Lever les bras !', 0, 0, 0, 0, 298, 0, '', '', 0, 0, '', 0),
(594, 'Mon dos vient de craquer...', 0, 0, 0, 0, 298, 0, '', '', 0, 0, '', 0),
(595, 'Tourner sur soi !', 0, 0, 0, 0, 299, 0, '', '', 0, 0, '', 0),
(596, 'On peut faire une pause ...', 0, 0, 0, 0, 299, 0, '', '', 0, 0, '', 0),
(597, 'Shagass !', 0, 0, 0, 0, 300, 0, '', '', 0, 0, '', 0),
(598, 'Je souffre ...', 0, 0, 0, 0, 300, 0, '', '', 0, 0, '', 0),
(599, 'Je m\'en souviendrais !', 0, 0, 0, 0, 301, 0, '', '', 0, 0, '', 0),
(600, 'On peut faire un petit rappel ?', 0, 0, 0, 0, 301, 0, '', '', 0, 0, '', 0),
(601, 'On peut la refaire ? J\'ai pas tou suivi.', 0, 0, 0, 0, 297, 0, '', '', 0, 0, '', 0),
(602, 'C\'ets bon ,je la connais je crois !', 0, 0, 0, 0, 0, 0, '', '', 0, 0, '', 0),
(603, 'C\'est parti !', 0, 0, 0, 0, 303, 0, '', '', 0, 0, '', 0),
(604, 'Hein ?? On m\'a pas prévenu ??', 0, 0, 0, 0, 303, 0, '', '', 0, 0, '', 0),
(605, 'Lever les bras !', 0, 15, 0, 0, 305, 0, '', '', 0, 0, '', 0),
(606, 'Shagass !', 0, -15, 0, 0, 301, 0, '', '', 0, 0, '', 0),
(607, 'Shagass !', 0, -15, 0, 0, 303, 0, '', '', 0, 0, '', 0),
(608, 'Tourner sur soi !', 0, 15, 0, 0, 304, 0, '', '', 0, 0, '', 0),
(609, 'Shagass !', 0, -15, 0, 0, 305, 0, '', '', 0, 0, '', 0),
(610, 'Tourner sur soi !', 0, 15, 0, 0, 306, 0, '', '', 0, 0, '', 0),
(611, 'Shagass !!!!', 0, 15, 0, 0, 310, 0, '', '', 0, 0, '', 0),
(612, 'Tourner sur soi !!!!', 0, -15, 0, 0, 311, 0, '', '', 0, 0, '', 0),
(613, 'Shagass !!!!', 0, 15, 0, 0, 310, 0, '', '', 0, 0, '', 0),
(614, 'Lever les bras !!!!', 0, -15, 0, 0, 312, 0, '', '', 0, 0, '', 0),
(615, 'Shagass !!!!', 0, 15, 0, 0, 310, 0, '', '', 0, 0, '', 0),
(616, 'Tourner sur soi !!!!', 0, -15, 0, 0, 312, 0, '', '', 0, 0, '', 0),
(617, 'Shagass !!!!', 0, 15, 0, 0, 309, 0, '', '', 0, 0, '', 0),
(618, 'Tourner sur soi !!!!', 0, -15, 0, 0, 307, 0, '', '', 0, 0, '', 0),
(619, '...', 0, 0, 0, 0, 310, 0, '', '', 0, 0, '', 0),
(620, '...', 0, 0, 0, 0, 310, 0, '', '', 0, 0, '', 0),
(621, '', 0, 0, 0, 0, 0, 0, '', '', 0, 0, '', 0),
(622, '...', 15, 15, 15, 15, 0, 0, '', '', 0, 0, '', 0),
(623, '...', 15, 15, 0, 0, 0, 0, '', '', 0, 0, '', 0),
(624, '...', 0, 0, 0, 0, 0, 0, '', '', 0, 0, '', 0),
(625, '...', -15, -15, 0, 0, 432, 0, '', '', 0, 27, '', 0),
(626, '...', 0, 0, 0, 0, 432, 0, '', '', 0, 27, '', 0),
(627, '...', 0, 0, 0, 0, 0, 0, '', '', 0, 0, '', 0),
(628, '...', 0, 0, 0, 0, 0, 0, '', '', 0, 0, '', 0),
(629, '...', 0, 0, 0, 0, 0, 0, '', '', 0, 0, '', 0),
(630, '...', 0, 0, 0, 0, 0, 0, '', '', 0, 0, '', 0),
(631, '...', 0, 0, 0, 0, 0, 0, '', '', 0, 0, '', 0),
(632, '...', 0, 0, 0, 0, 0, 0, '', '', 0, 0, '', 0),
(633, 'Le premier', -15, 0, 0, 0, 318, 0, '', '', 0, 0, '', 0),
(634, 'Le second', 15, 0, 0, 0, 319, 0, '', '', 0, 0, '', 0),
(635, '...', 0, 0, 0, 0, 0, 0, '', '', 13, 0, '', 0),
(636, '...', 0, 0, 0, 0, 0, 0, '', '', 13, 0, '', 0),
(637, '...', 0, 0, 0, 0, 0, 0, '', '', 13, 0, '', 0),
(638, '...', 0, 0, 0, 0, 0, 0, '', '', 13, 0, '', 0),
(639, 'C’est le... WEEEEEI', -15, 0, 30, 0, 0, 0, '', '', 0, 0, '', 0),
(640, 'Ils sont chiants…', 0, 0, -15, 0, 0, 0, '', '', 0, 0, '', 0),
(641, 'WEEEEEI', 0, 0, 30, 0, 0, 0, '', '', 0, 0, '', 0),
(642, 'Laissez-moi me reposer svp pitié', 15, 0, -15, 0, 0, 0, '', '', 0, 0, '', 0),
(643, 'Un bon maroilles de Lilles !', 30, 0, 15, 0, 323, 0, '', '', 0, 0, '', 0),
(644, 'Un cidre breton dont tu me diras des nouvelles !', -15, 0, 30, 0, 324, 0, '', '', 41, 0, '', 0),
(645, '...', 0, 0, 0, 0, 0, 0, '', '', 0, 0, '', 0),
(646, '...', 0, 0, 0, 0, 0, 0, '', '', 0, 0, '', 0),
(647, '...', 0, 0, 0, 0, 0, 0, '', '', 0, 0, '', 0),
(648, '...', 0, 0, 0, 0, 0, 0, '', '', 0, 0, '', 0),
(649, 'On va passer la soirée à manger !', 15, 0, 0, 0, 0, 0, '', '', 0, 0, '', 0),
(650, 'Il faut que j’aille bosser…', 0, 0, 0, 15, 0, 0, '', '', 0, 0, '', 0),
(651, 'J\'me ramène avec ma bouteille !', -15, 0, 15, 0, 0, 0, '', '', 0, 0, '', 0),
(652, 'J\'me contenterai de ce qu\'on me donne', 15, 0, -15, 0, 0, 0, '', '', 0, 0, '', 0),
(653, 'FLEMME DES ECRIVAINS WALLAH', 0, 0, 0, 0, 0, 0, '', '', 0, 0, '', 0),
(654, 'FLEMME DES ECRIVAINS WALLAH', 0, 0, 0, 0, 0, 0, '', '', 0, 0, '', 0),
(655, 'Je participe !', 0, 0, 0, 0, 329, 0, '', '', 0, 0, '', 0),
(656, 'J\'encourage !', 0, 0, 0, 0, 331, 0, '', '', 0, 0, '', 0),
(657, 'OUAAAAIS !', -15, 0, 30, 0, 332, 0, '', '', 0, 0, '', 0),
(658, 'Oui oui je vais faire de mon mieux', 15, 0, 15, 0, 332, 0, '', '', 0, 0, '', 0),
(659, '...', -30, 0, 0, 0, 0, 0, '', '', 0, 0, '', 0),
(660, '...', -30, 0, 0, 0, 0, 0, '', '', 0, 0, '', 0),
(661, 'Yees! J’ai ramené des gâteaux faits maisons !', -15, -15, 30, 0, 0, 0, '', '', 0, 0, '', 0),
(662, 'C’est qui notre équipe ?', 0, 0, -15, 0, 0, 0, '', '', 0, 0, '', 0),
(663, 'Le violet non ? Ou le blanc ?', 0, 0, 0, 0, 333, 0, '', '', 0, 0, '', 0),
(664, 'Le orange mais c\'est moche...', 0, 0, 0, 0, 334, 0, '', '', 0, 0, '', 0),
(665, 'Ah...', 0, 0, 0, 0, 0, 0, '', '', 0, 0, '', 0),
(666, 'Cool...', 0, 0, 0, 0, 0, 0, '', '', 0, 0, '', 0),
(667, '...', 0, 0, 0, 0, 0, 0, '', '', 0, 0, '', 0),
(668, '...', 0, 0, 0, 0, 0, 0, '', '', 0, 0, '', 0),
(669, 'Tirez vers votre terrain.', 0, 0, 0, 0, 336, 0, '', '', 0, 0, '', 0),
(670, 'Tirez vers le terrain adverse', 0, 0, 0, 0, 337, 0, '', '', 0, 0, '', 0),
(671, '...', 0, 0, -15, 0, 0, 0, '', '', 0, 0, '', 0),
(672, '...', 0, 0, -15, 0, 0, 0, '', '', 0, 0, '', 0),
(673, '...', 0, 0, 0, 0, 0, 0, '', '', 0, 0, '', 0),
(674, '...', 0, 0, 0, 0, 0, 0, '', '', 0, 0, '', 0),
(675, 'La contrôler', 0, 0, 0, 15, 339, 0, '', '', 0, 0, '', 0),
(676, 'La renvoyer dans le camp adverse', -15, 0, 0, 0, 340, 0, '', '', 0, 0, '', 0),
(677, '...', 0, 0, 0, 0, 0, 0, '', '', 0, 0, '', 0),
(678, '...', 0, 0, 0, 0, 0, 0, '', '', 0, 0, '', 0),
(679, '...', 0, 0, 0, 0, 0, 0, '', '', 0, 0, '', 0),
(680, '...', 0, 0, 0, 0, 0, 0, '', '', 0, 0, '', 0),
(681, 'Tirer avec panache', 0, 0, 15, 0, 342, 0, '', '', 0, 0, '', 0),
(682, 'Tirer simplement', 15, 0, 0, 0, 343, 0, '', '', 0, 0, '', 0),
(683, '...', 0, 0, 0, 0, 0, 0, '', '', 0, 0, '', 0),
(684, '...', 0, 0, 0, 0, 0, 0, '', '', 0, 0, '', 0),
(685, '...', 0, 0, 0, 0, 0, 0, '', '', 0, 0, '', 0),
(686, '...', 0, 0, 0, 0, 0, 0, '', '', 0, 0, '', 0),
(687, 'La tenter', 0, 0, 15, 0, 345, 0, '', '', 0, 0, '', 0),
(688, 'Passer la balle à ce gars qui a l’air balaise', 0, 0, -15, 0, 346, 0, '', '', 0, 0, '', 0),
(689, '...', 0, 0, 0, 0, 0, 0, '', '', 0, 0, '', 0),
(690, '...', 0, 0, 0, 0, 0, 0, '', '', 0, 0, '', 0),
(691, '...', 0, 0, 0, 0, 0, 0, '', '', 0, 0, '', 0),
(692, '...', 0, 0, 0, 0, 0, 0, '', '', 0, 0, '', 0),
(693, 'Ranger l’alcool', 0, 0, 0, 15, 0, 0, '', '', 25, 0, '', 0),
(694, 'Le boire', -15, 0, 0, 0, 433, 0, '', '', 0, 21, '', 0),
(695, 'C’est pas nous !', 0, 0, 0, -15, 349, 0, '', '', 0, 0, '', 0),
(696, 'Chef, oui chef !', 0, 0, -15, 15, 0, 0, '', '', 0, 0, '', 0),
(697, 'Euuuuhh', 0, 0, 0, -15, 0, 0, '', '', 0, 0, '', 0),
(698, 'Oui', 0, 0, 0, 15, 0, 0, '', '', 0, 0, '', 0),
(699, 'Le bureau des élèves ?', 0, 0, 0, 0, 0, 0, '', '', 0, 0, '', 0),
(700, 'Je cherche le BDB plutôt ...', 0, 0, 0, 0, 0, 0, '', '', 0, 0, '', 0),
(701, '...', 0, 0, 0, 0, 0, 0, '+3', '', 0, 0, '', 0),
(702, '...', 0, 0, 0, 0, 0, 0, '+3', '', 0, 0, '', 0),
(703, 'Le bureau des sous doués ?', 0, 0, 0, 0, 0, 0, '', '', 0, 0, '', 0),
(704, 'Le bureau des sports ?', 0, 0, 0, 0, 0, 0, '', '', 0, 0, '', 0),
(705, 'Oui', 0, 15, -15, 0, 0, 0, '+13', '', 0, 0, '', 0),
(706, 'Non', 0, -15, 15, 0, 0, 0, '', '', 0, 0, '', 0),
(707, 'Le bureau des arts ?', 0, 0, 0, 0, 0, 0, '', '', 0, 0, '', 0),
(708, 'Le bureau des attardés ?', 0, 0, 0, 0, 0, 0, '', '', 0, 0, '', 0),
(709, 'Oui', 0, 15, -15, 0, 0, 0, '+12', '', 0, 0, '', 0),
(710, 'Non', 0, -15, 15, 0, 0, 0, '', '', 0, 0, '', 0),
(711, 'i2 ... Quoi ?', 0, 0, 0, 0, 0, 0, '', '', 0, 0, '', 0),
(712, 'C\'est ça la ... JE ?', 0, 0, 0, 0, 0, 0, '', '', 0, 0, '', 0),
(713, 'Oh !', 0, 0, 0, 0, 0, 0, '', '', 0, 0, '', 0),
(714, 'Je vois ...', 0, 0, 0, 0, 0, 0, '', '', 0, 0, '', 0),
(715, 'OK', 0, 0, 0, 0, 0, 0, '', '', 0, 0, '', 0),
(716, 'Ah bon', 0, 0, 0, 0, 0, 0, '', '', 0, 0, '', 0),
(717, 'Oui', 0, 0, 0, 0, 0, 0, '', '', 0, 0, '4', 0),
(718, 'Non', 0, 0, 0, 0, 0, 0, '', '', 0, 0, '', 0),
(719, '...', 0, 0, 0, 0, 361, 0, '', '', 0, 0, '', 0),
(720, '...', 0, 0, 0, 0, 361, 0, '', '', 0, 0, '', 0),
(721, 'Yes !', 0, 0, 0, 0, 362, 0, '-1&+16,-14&', '', 0, 0, '', 0),
(722, 'Ah', 0, 0, 0, 0, 362, 0, '-1&+16,-14&', '', 0, 0, '', 0),
(723, '...', 0, 0, 0, 0, 363, 0, '', '', 0, 0, '', 0),
(724, '...', 0, 0, 0, 0, 363, 0, '', '', 0, 0, '', 0),
(725, 'Oui !', 0, 0, 0, 0, 0, 0, '', '', 0, 0, '', 0),
(726, '...', 0, 0, 0, 0, 0, 0, '', '', 0, 0, '', 0),
(727, 'RU !', 0, 0, 0, 0, 365, 0, '', '', 0, 0, '', 0),
(728, 'Cafet !', 0, 0, 0, 0, 364, 0, '', '', 0, 0, '', 0),
(729, 'Je suis l\'équipe Rouge !', 0, 0, 0, 0, 366, 0, '', '', 0, 0, '', 0),
(730, 'Je suis l\'équipe Bleue!', 0, 0, 0, 0, 367, 0, '', '', 0, 0, '', 0),
(731, 'Je suis l\'équipe Rouge !', 0, 0, 0, 0, 371, 0, '', '', 0, 0, '', 0),
(732, 'Je suis l\'équipe Bleue!', 0, 0, 0, 0, 372, 0, '', '', 0, 0, '', 0),
(733, 'On va manger chaud !', 15, 0, 15, 0, 368, 0, '', '', 0, 0, '', 0),
(734, 'T\'inquiètes, on ira à la cafet\' une prochaine fois !', 15, 15, 15, 0, 368, 0, '', '', 0, 0, '', 0),
(735, 'Pas très sain tout ça...', 15, 0, -15, -15, 370, 0, '', '', 0, 0, '', 0),
(736, '*Soupire* Bien joué ...', 15, 15, -15, -15, 370, 0, '', '', 0, 0, '', 0),
(737, 'Chaîne frite !', -15, 0, 0, 0, 0, 0, '', '', 0, 0, '', 0),
(738, 'Chaîne tradi !', 15, 0, 0, 0, 369, 0, '', '', 0, 0, '', 0),
(739, 'On est plus vraiment surpris...', 0, 0, 0, 0, 0, 0, '', '', 0, 0, '', 0),
(740, 'Mon couscous ...', 0, 0, 0, 0, 0, 0, '', '', 0, 0, '', 0),
(741, '', 0, 0, 0, 0, 0, 0, '-14,+15', '', 0, 0, '', 0),
(742, '', 0, 0, 0, 0, 0, 0, '-14,+15', '', 0, 0, '', 0),
(743, 'Cool !', 0, 0, 15, 15, 0, 0, '', '', 0, 0, '', 0),
(744, 'On ira au RU la prochaine fois...', 0, 15, 15, 15, 0, 0, '', '', 0, 0, '', 0),
(745, 'C\'est loin... et y\'a la queue ...', 15, 0, 0, -15, 368, 0, '', '', 0, 0, '', 0),
(746, 'Bien joué ... Au moins on mangera chaud ...', 15, 15, 0, -15, 368, 0, '', '', 0, 0, '', 0),
(747, 'Vote !', 0, 0, 0, 0, 374, 0, '', '', 0, 0, '', 0),
(748, 'Shotgun', 0, 0, 0, 0, 375, 0, '', '', 0, 0, '', 0),
(749, 'Je suis l\'équipe Bleue!', 0, 0, 0, 0, 376, 0, '', '', 0, 0, '', 0),
(750, 'Je suis l\'équipe Rouge !', 0, 0, 0, 0, 377, 0, '', '', 0, 0, '', 0),
(751, 'Je suis l\'équipe Bleue!', 0, 0, 0, 0, 376, 0, '', '', 0, 0, '', 0),
(752, 'Je suis l\'équipe Rouge !', 0, 0, 0, 0, 378, 0, '', '', 0, 0, '', 0),
(753, 'Chouette, les drones !', 0, 0, 0, 0, 0, 0, '', '', 0, 0, '', 0),
(754, 'Une IA pour un jeu !', 0, 0, 0, 0, 0, 0, '', '', 0, 0, '', 0),
(755, 'Les ... vélos ?', 0, 0, 0, 0, 0, 0, '', '', 0, 0, '', 0),
(756, 'C\'est quoi cette histoire de vélo', 0, 0, 0, 0, 0, 0, '', '', 0, 0, '', 0),
(757, 'Le sujet sur les drones !', 0, 0, 0, 0, 0, 0, '', '', 0, 0, '', 0),
(758, 'Une IA pour un jeu !', 0, 0, 0, 0, 0, 0, '', '', 0, 0, '', 0),
(759, 'Euh...', 0, 0, 0, 0, 381, 0, '4,440', '', 0, 1, '', 0),
(760, 'Euh...', 0, 0, 0, 0, 383, 0, '', '', 0, 2, '', 0),
(761, 'Euh...', 0, 0, 0, 0, 385, 0, '', '', 0, 3, '', 0),
(762, 'Euh...', 0, 0, 0, 0, 387, 0, '', '', 0, 4, '', 0),
(763, 'Euh...', 0, 0, 0, 0, 389, 0, '11,177&5,17', '', 0, 5, '', 0),
(764, 'Euh...', 0, 0, 0, 0, 391, 0, '', '', 0, 6, '', 0),
(765, 'Euh...', 0, 0, 0, 0, 393, 0, '', '', 0, 7, '', 0),
(766, 'Euh...', 0, 0, 0, 0, 395, 0, '', '', 0, 8, '', 0),
(767, 'Non !', 0, 0, 0, 0, 0, 0, '', '', 0, 0, '', 0),
(768, 'Euh...', 0, 0, 0, 0, 398, 0, '', '', 0, 10, '', 0),
(769, 'Bien sûr.', 0, 0, 0, 0, 0, 0, '', '', 0, 0, '', 0),
(770, 'Toujours !', 0, 0, 0, 0, 0, 0, '', '', 0, 0, '', 0);
INSERT INTO `reponse` (`rep_id`,	`rep_txt`,	`rep_sante`,	`rep_soc`,	`rep_sous`,	`rep_sco`,	`rep_carte_suivante`,	`rep_carte_avenir`,	`rep_obj`,	`rep_effet`,	`rep_fait`,	`rep_mort`,	`rep_cycle`,	`rep_debutEvent`) VALUES
(771, 'Euh, je ferais attention', 0, 0, 0, 0, 0, 0, '', '', 0, 0, '', 0),
(772, 'Je... je vais prendre des vitamines.', 0, 0, 0, 0, 0, 0, '', '', 0, 0, '', 0),
(773, 'Oui !', 0, 0, 0, 0, 0, 0, '-1,+14&-15,', '', 0, 0, '', 0),
(774, 'Non merci, ça ira...', 0, 0, 0, 0, 0, 0, '', '', 0, 0, '', 0),
(775, 'Oui !', 0, 10, 0, -10, 0, 0, '', '', 29, 0, '', 0),
(776, 'Non ça a l\'air risqué.', 0, 0, 0, 0, 0, 0, '', '', 0, 0, '', 0),
(777, 'Chouette !', 0, 15, 0, 0, 0, 0, '', '', 0, 0, '', 0),
(778, 'Je ne suis pas intéréssé', 0, 0, 0, 15, 0, 0, '', '', 0, 0, '', 0),
(779, 'Ouais!', 0, 0, 0, 0, 0, 257, '', '', 0, 0, '', 0),
(780, 'Non je suis un gros radin', 0, 15, -45, 0, 0, 0, '', '', 0, 0, '', 0),
(781, 'Ouais!', 0, 0, 0, 0, 0, 258, '', '', 0, 0, '', 0),
(782, 'Non je suis un gros radin', 0, 15, -45, 0, 0, 0, '', '', 0, 0, '', 0),
(783, 'Ouais!', 0, 0, 0, 0, 0, 259, '', '', 0, 0, '', 0),
(784, 'Non je suis un gros radin', 0, 15, -45, 0, 0, 0, '', '', 0, 0, '', 0),
(785, 'Non merci, ça ira...', 0, 0, 0, 0, 0, 0, '', '', 0, 0, '', 0),
(786, 'J\'en peut plus de cette école...', 0, 0, 0, 0, 0, 0, '', '', 0, 0, '', 0),
(787, 'Mais je m\'amusais tellement !', 0, 0, 0, 0, 0, 0, '', '', 0, 0, '', 0),
(788, 'Enfffiiinnnn !', 0, 0, 0, 0, 0, 0, '', '', 0, 0, '', 0),
(789, 'Je suis vraiment crevé ce soir, je verrais peut-être demain', 0, -15, 0, -15, 0, 0, '', '', 0, 0, '', 0),
(790, 'Parfait, comme ça j\'ai mon week end de libre', 15, 15, 0, 15, 0, 0, '', '', 0, 16, '', 0),
(791, 'Ouf...', 0, 0, 0, 30, 0, 0, '', '', 0, 0, '', 0),
(792, 'Oui m\'sieur...', 0, 0, 0, 30, 0, 0, '', '', 0, 0, '', 0),
(793, 'Merci ! ', 0, 0, 0, 0, 0, 0, '', '', 0, 0, '', 0),
(794, 'Ouf ...', 0, 0, 0, 20, 0, 0, '', '', 0, 0, '', 0);



INSERT INTO `personnage` (`pers_id`, `pers_nom`, `pers_image`, `pers_couleur`, `pers_annee`, `pers_bureau`, `pers_parrain`) VALUES
(1, 'Cédric', '', 'Bleu', 1, '', 0),
(2, 'Alexia', '', 'Orange', 1, '', 0),
(3, 'Martine', '', 'Jaune', 1, '', 0),
(4, 'Jean-Eudes', '', '', 2, '', 0),
(5, 'Rémy', '', 'Rouge', 1, '', 0),
(6, 'Béatrice, la déléguée', '', 'Rouge', 2, 'BDE', 1),
(7, 'Tom', '', 'Orange', 2, '', 1),
(8, 'Franck', '', 'Jaune', 1, '', 0),
(9, 'Emmeline', '', 'Bleu', 2, '', 1),
(10, 'Clément', '', 'Vert', 2, '', 1),
(11, 'Lucie', '', 'Jaune', 2, '', 1),
(12, 'Sheryl, la pompom', '', 'Vert', 3, '', 0),
(13, 'Pesto, prof des vraies sciences', '', '', 0, '', 0),
(14, 'Alba, prof de bio', '', '', 0, '', 0),
(15, 'Sollari, prof de quelque chose', '', '', 0, '', 0),
(16, 'Jebrave, prof et ingénieur Thalès', '', '', 0, '', 0),
(17, 'Le Poulpe', '', '', 0, '', 0),
(18, 'Roger ton coloc', '', '', 0, '', 0),
(19, 'Jean-Mi, doctorant', '', '', 0, '', 0),
(20, 'Thierry du BT', '', '', 0, '', 0),
(21, 'JP', '', '', 0, '', 0),
(22, 'Le Chat', '', '', 0, '', 0),
(23, 'Suzette, la machine à café', '', '', 0, '', 0),
(24, 'Antoine du BDE', '', '', 2, 'BDE', 0),
(25, 'Lorraine du BDA', '', '', 2, 'BDA', 0),
(26, 'Juliette du BDS', '', '', 2, 'BDS', 0),
(27, 'Sam de la JE', '', '', 2, 'JE', 0),
(28, 'Louise du BREI', '', '', 2, 'BREI', 0),
(29, 'Sysylvia du secrétariat', '', '', 0, '', 0),
(30, 'Directeur BC', '', '', 0, '', 0),
(31, 'Kuchewski, prof', '', '', 0, '', 0),
(32, 'Paul-Alexis Gravier (PAG), prof d\'info', '', '', 0, '', 0),
(33, 'Narrateur', '', '', 0, '', 0),
(34, 'Sese', '', '', 0, '', 0),
(35, 'Pipounet-Tajine, prof de cognition', '', '', 0, '', 0),
(36, 'Jean, rsp famille', '', '', 0, '', 0),
(37, 'Maman', '', '', 0, '', 0);



INSERT INTO `objet` (`obj_id`, `obj_nom`, `obj_image`) VALUES
(1, 'Étiquette 1A', ''),
(2, 'Couleur rouge', ''),
(3, 'Carte adhérent du BDE', ''),
(4, 'Drive de ton parrain/marraines', ''),
(5, 'Certificat médial', ''),
(6, 'Bouqin cognitique', ''),
(7, 'Adaptateur HDMI VGA', ''),
(8, 'Cup d\'évènèment', ''),
(9, 'Gobelet', ''),
(10, 'Photos dossier', ''),
(11, 'Thermos', ''),
(12, 'Carte adhérent du BDA', ''),
(13, 'Carte adhérent du BDS', ''),
(14, 'Badge', ''),
(15, 'Badge abimé', ''),
(16, 'Badge de la JE', ''),
(17, 'Café Choco-menthe', ''),
(18, 'Cup à moitié pourrie', ''),
(19, 'Pas de badge', ''),
(20, 'Couleur bleue', ''),
(21, 'Couleur verte', ''),
(22, 'Couleur jaune', ''),
(23, 'Couleur orange', ''),
(26, '', '');




INSERT INTO `mort` (`mort_id`, `mort_nom`, `mort_image`) VALUES
(1, 'Mauvais élève', 'image'),
(2, 'Petit Génie', 'image'),
(3, 'L\'inconnu', 'image'),
(4, 'La star', 'image'),
(5, 'Le malade', 'image'),
(6, 'L\'hyperactif', 'image'),
(7, 'Le pauvre', 'image'),
(8, 'Le riche', 'image'),
(9, 'Si proche !', 'image'),
(10, 'Mauvaise rencontre', 'image'),
(11, 'Je n\'étais pas au courant..', 'image'),
(12, 'Vous avez été absent...', 'image'),
(13, 'Oublier d\'éteindre les lumières et de fermer les fenêtres', 'image'),
(14, 'Qu\'est ce que la cognitique ?', 'image'),
(15, 'Lendemain de soirée, photos dossiers', 'image'),
(16, 'Rester après 20h', 'image'),
(17, 'Garer sa voiture sur une place réservée ?', 'image'),
(18, 'Coma éthylique', 'image'),
(19, 'Se faire prendre en train de tricher', 'image'),
(20, 'Rupture amoureuse', 'image'),
(21, 'Alcool lors de la visite du CTI', 'image'),
(22, 'Le kamikaze', 'image'),
(23, 'Le startupper', 'image'),
(24, 'Excès de pain de mie', 'image'),
(25, 'Very Bad Trip', 'image'),
(26, 'Encore une fois...', 'image'),
(27, 'Honte de L\'ENSC', 'image'),
(28, 'Boire le caf? choco menthe', 'image');


INSERT INTO `fait` (`f_id`, `f_nom`, `f_desc`) VALUES
(1, 'Bleuverie', 'être chez les bleus'),
(2, 'Jaune', 'être chez les jaunes'),
(3, 'Vert', 'être chez les verts'),
(4, 'Orangerie', 'être chez les oranges'),
(5, 'Rouge', 'être chez les rouges'),
(6, 'L\'arc-en-ciel', 'rentrer dans toutes les familles'),
(7, 'Artiste en herbe', 'être élu au BDA'),
(8, 'Le début de la célébrité', 'être élu au BDE'),
(9, 'Sportif du dimanche', 'être élu au BDS'),
(10, 'Commercial', 'rentrer dans la JE'),
(11, 'Maître des assos', 'membre de toutes les assos au moins une fois (même la JE)'),
(12, 'Un jour je serai le meilleur buveur', 'collecter les cups'),
(13, 'Plus un bizut !', 'passer le wei'),
(14, 'Le savant', 'réussir ses exams (S5)'),
(15, 'Le génie', 'réussir ses exams (S6)'),
(16, 'C\'est pas passé loin', 'se sauver du redoublement au rattrapage'),
(17, 'Gryffondor gagne la coupe !', 'gagner la coupe des familles'),
(18, 'We are the champions', 'réussir son projet transdi'),
(19, 'Politicien', 'rencontrer le brei'),
(20, 'Grand diplomate', 'apprendre à travailler en groupe'),
(21, 'Dora l\'exploratrice', 'découvrir le batiment Est'),
(22, 'Commère de service', 'découvrir le couple secret'),
(23, 'Rep', 'découvrir le spammeur mystère'),
(24, 'Danseuse étoile', 'participer à la représentation des pompoms (avec succès)'),
(25, 'Ni bue ni connue', 'ranger toutes les bouteilles d\'alcools lors du passage de la CTI'),
(26, 'Incroyable mais vrai', 'passer sans souci technique la présentation transpromo (adaptateur hmi vga et réussir à activer le son) '),
(27, 'Sur le fil', 'rendre son projet à temps'),
(28, 'Le suicidaire', 'regarder son téléphone en cours de PAF'),
(29, 'Il l\'a fait !', 'se mettre en couple'),
(30, 'Cogniticien de l\'ombre', 'passe sa nuit à bosser à l\'ecole'),
(31, 'L\'oublié ', 'se retrouver enfermé dans l\'école'),
(32, 'A tes risques et périls', 'boire un cappucino saveur choco-menthe'),
(33, 'L\'oppresseur', 'ne pas relever une remarque sexiste'),
(34, 'Le roi arc-en-ciel', 'connaître la famille de tous les élèves'),
(35, 'Playboy', 'sortir avec tous les élèves'),
(36, 'L\'intégré', 'obtenir son e-mail'),
(37, 'The Hero', 'sauver le BDE'),
(38, 'L\'archéologue', 'aller au sous-sol'),
(39, 'Bien vu Sherlock', 'trouver d\'où vient l\'odeur dégueue du foyer'),
(40, 'Futur ingénieur', 'trouver l\'adaptateur HDMI-VGA'),
(41, 'Membre actif', 'gagner des points de famille'),
(42, 'Ne plus être Rémi', 'avoir un pote'),
(43, 'Initiation au commérage', 'être au courant des ragots'),
(44, 'LE FUTUR', 'découvrir la VR'),
(45, 'L\'archéologue', 'aller au sous sol'),
(46, 'Very Bad Trip', 'Vous vous réveillez en lendemain de soirée, dans un état peu convenable');



INSERT INTO `evenement` (`event_id`, `event_nom`, `event_jour`, `event_nbjour`) VALUES
(0, 'Accueil', 0, 1),
(1, 'Début projet', 2, 2),
(2, 'Réunion transdi', -1, 3),
(3, 'Parrainage', 10, 1),
(4, 'WEI', 25, 5),
(5, 'Repas des régions', 56, 2),
(6, 'Interpromo', 65, 5),
(7, 'Gala', 75, 5),
(8, 'RDA', 85, 0),
(9, 'Secret Santa', 95, 1),
(10, 'Transpromo', 125, 0),
(11, 'ExamS1', 135, 5),
(12, 'Chat', -1, 1),
(101, 'Toussaint', 47, 9),
(102, 'Noël', 105, 17);

INSERT INTO `carte` (`carte_id`, `carte_num_event`, `pers_id`, `carte_txt`, `rep_id1`, `rep_id2`, `carte_obj`) VALUES
(1, 0, 30, 'Bienvenue, bienvenue !', 1, 2, ''),
(2, -100, 30, 'Bienvenue à l\'ENSC ! Voici votre badge ! Surtout, ne le perdez pas !', 3, 4, ''),
(3, -100, 30, 'Ne le prêtez pas non plus ! Il faut que l\'ayez toujours sur vous. Compris ? Toujours. TOUJOURS.', 5, 6, ''),
(4, -100, 30, 'C\'est mon école au passage.', 7, 8, ''),
(5, -1, 4, 'What iz important to remambeur is zat it is very interesteing.', 9, 10, ''),
(6, -1, 3, 'I am bilingual so I can help you!', 11, 12, '22,104'),
(7, -1, 3, 'To be or not to be?', 13, 14, '22,104'),
(8, -1, 13, 'Le projet WEB : un site qui fait des questionnaires !!', 15, 16, ''),
(9, -1, 15, 'Si vous êtes ici, c’est pour devenir des pros de la caméra !!', 17, 18, ''),
(10, -100, 3, 'Qu\'est ce qu\'on fait pour la vidéo de bio?', 19, 20, ''),
(11, -1, 5, 'C’était quoi le sujet du TD de mémoire ? Je me souviens plus…', 21, 22, '2,109'),
(12, 1, 31, 'Quel Projet vous convient le plus ?', 23, 24, ''),
(13, -1, 1, 'On va bosser où ?', 25, 26, '20,108'),
(14, -1, 1, 'Je ne connais r en R ! Comment je vais faire ?', 27, 28, '20,108'),
(15, -1, 3, 'Eh regarde ce que j’ai trouvé : un adaptateur HDMI VGA !Il faudrait le ramener à l\'administration', 29, 30, '22,104'),
(16, -100, 33, 'Il part sans vous écouter et vous laisse l\'adaptateur dans la main.', 31, 32, ''),
(17, -1, 5, 'Pssst ! Regarde mon message sur Facebook !', 33, 34, '2,109'),
(18, -100, 32, 'Eh vous, qu’est-ce que vous regardez comme ça ?', 35, 36, ''),
(19, -1, 29, 'Votre réveil n’a pas sonné, il est 7h50 et vous avez TP d’info à 8h', 37, 38, ''),
(20, -100, 29, '*Mail de Pesto* ça sent mauvais....', 39, 40, '5,399'),
(21, -1, 14, 'comment elle est la courbe selon l’intensité ?', 41, 42, ''),
(22, -100, 14, 'Vous avez compris, vous pouvez aller expliqué au tableau ?', 43, 44, ''),
(23, -1, 3, 'Tu as faim? Tu veux grignoter un truc à la machine ?', 45, 46, '22,104'),
(24, -1, 13, 'Vous n’êtes pas venu à la conférence sur les startups… j’espère que vous avez une bonne excuse !', 47, 48, '5,399'),
(25, -1, 1, 'On met le texte en bleu ou en rouge ?', 49, 50, '20,108'),
(26, -1, 13, 'Ne vous inquiétez pas pour le signal, je vais vous expliquer !', 51, 52, ''),
(27, -100, 13, 'C’est vrai que le signal c’est complexe, comme les femmes !', 53, 54, ''),
(28, -1, 29, 'Mme Lespinet n’a pas pu venir à son cours à cause d’une conférence à Paris', 55, 56, ''),
(29, -1, 1, 'Où on va graille ce midi?', 57, 58, ''),
(30, -100, 1, 'Quelle file on prend?', 59, 60, ''),
(31, -100, 1, 'Le menu correspond pas...', 61, 62, ''),
(32, -100, 1, 'Ta carte est tombée au sol!', 63, 64, ''),
(33, -1, 14, 'Quelle est cette magnifique mélodie qui résonne à nos oreilles ?', 65, 66, ''),
(34, -1, 5, 'Le TD est vraiment long et chiant...', 67, 68, '2,109'),
(35, -1, 5, 'On a cours de signal... On va boire un verre?', 69, 70, '2,109'),
(36, -1, 4, 'J\'en ai marre... On va au bar?', 71, 72, ''),
(37, -100, 3, 'Il est déjà parti', 73, 74, '22,104'),
(38, -100, 29, 'Vous avez oublié d\'éteindre les lumières hier soir!', 75, 76, ''),
(39, -1, 4, 'JPP de ce TD… Tu as l’air d’avoir besoin de dormir, ça va ?', 77, 78, '11,177&9,17'),
(40, -1, 33, 'Dormir ou réviser ?', 79, 80, ''),
(41, 11, 15, 'Give a synonym of ‘making someone understand', 81, 82, ''),
(42, 11, 15, 'English would be an easier language to learn', 83, 84, ''),
(43, -1, 35, 'Je l’ai toujours sur le bout de la langue…', 85, 86, ''),
(44, -1, 14, 'jidfjief', 87, 88, ''),
(45, 11, 14, 'Quèl neurrrotrrransmettor tchimique est inhibitor ?', 89, 90, ''),
(46, 11, 14, 'Quelles sont les étapes de l’émission d’un potential d’action?', 91, 92, ''),
(47, 11, 13, 'Qu’est-ce qu’une interface ?', 93, 94, ''),
(48, 11, 13, 'Comment parcourir un tableau de 10 cases', 95, 96, ''),
(49, 11, 14, 'Que permettent les filaments de myosine et d’actine', 97, 98, ''),
(50, 11, 15, 'Quelle est la durée de l’ère de Planck?', 99, 100, ''),
(51, 11, 35, 'Qu’est-ce que la CCU', 101, 102, ''),
(52, 11, 35, 'A quel nombre de tests utilisateurs atteint-on le ratio max bénéfices/coûts?', 103, 104, ''),
(53, 11, 13, 'Qu\'est ce qu\'une ACP ?', 105, 106, ''),
(54, 11, 13, 'Quel est le vrai nom de la loi normale ?', 107, 108, ''),
(55, 11, 13, 'Qu’est-ce qu’une intégrale qui diverge?', 109, 110, ''),
(56, 11, 13, 'Qu’est-ce que la transformation de Fourier', 111, 112, ''),
(57, 11, 13, 'Quelle science est celle des techniques de l’automatisation?', 113, 114, ''),
(58, 11, 32, 'Qui a écrit le tuto de Javascript?', 115, 116, ''),
(59, 11, 32, 'De quel côté est exécuté le code PHP ?', 117, 118, ''),
(60, 2, 3, 'Salut, on a choisi le même sujet [“nom du sujet” parmi qq choix] pour le transdi ! On est juste 5, on peut faire un groupe ensemble !', 119, 120, ''),
(61, -100, 1, 'Hello, moi c\'est Cédric!', 121, 122, ''),
(62, -100, 3, 'Je m\'appelle Martine. Comment répartissions nous les tâches ?', 123, 124, ''),
(63, -100, 8, 'Hey hey hey ! Moi c\'est Franck !', 125, 126, ''),
(64, -100, 3, 'La dernière personne du projet est Alexia je crois, mais je ne l\'ai pas vu aujourd\'hui ...', 127, 128, ''),
(65, -1, 3, 'Mais Cédric t’as toujours rien foutu en fait #{!??#@]', 129, 130, ''),
(66, -1, 3, 'Tu voulais savoir quelque chose ?', 131, 132, ''),
(67, -1, 3, 'On passe la soirée sur le projet, désolé mais pas de sortie ce soir', 133, 134, ''),
(68, -100, 33, 'Votre niveau d\'anglais à impressionné Martine', 135, 136, ''),
(69, -1, 31, 'J\'attend toujours votre mail...', 137, 138, ''),
(70, 2, 3, 'On va commencer la réunion de transdi.', 139, 140, ''),
(71, 2, 8, 'J\'crois que j\'ai un peu abusé sur le calacabar...', 141, 142, ''),
(72, 2, 3, 'Wah, Alexia est là ...', 143, 144, ''),
(73, 2, 2, 'Mais oui car Ludimaths pourra corriger vos fautes de français !', 145, 146, ''),
(74, 10, 3, 'Et c’est ainsi que se conclut notre présentation, merci à vous pour votre attention.', 147, 148, ''),
(75, 10, 9, 'J\'essaie de comprendre les attentes du tuteur, mais j\'y pige rien!', 149, 150, ''),
(76, 10, 33, 'Vous avez mal compris...', 151, 152, ''),
(77, 10, 31, 'Votre projet à l\'air de bien avancer!', 153, 154, ''),
(78, 10, 31, 'Votre projet ressemble à un désastre...', 155, 156, ''),
(79, 10, 31, 'Soutenance du projet n°1, c\'est à vous.', 157, 158, ''),
(80, 10, 31, 'Votre sujet était ?', 159, 160, ''),
(81, 10, 32, 'Vous n\'avez pas envoyé assez de mails !', 161, 162, ''),
(82, -1, 30, 'Qu\'est-ce que la cognitique ? ', 163, 164, '6,436'),
(83, 10, 31, 'Votre Gantt n’est pas lisible …', 165, 166, ''),
(84, 10, 32, 'C\'est bien, nous avons pu communiquer !', 167, 168, ''),
(85, 10, 32, 'C’était pas mal tout ça …', 169, 170, ''),
(86, 10, 7, 'Allez on est partis, on a du pain sur la planche !', 171, 172, ''),
(87, 10, 3, 'Notre client nous a laché pendant que tu étais parti...', 173, 174, ''),
(88, 10, 7, 'On devrait rester travailler après les cours, le comité GESP est dans deux jours', 175, 176, ''),
(89, 10, 9, 'On pensait que la date butoir était dans un mois mais en fait c’est dans trois semaines…', 177, 178, ''),
(90, 10, 9, 'Y’a trop de risques dans la matrice des risques !', 179, 180, ''),
(91, 10, 9, 'Alors, qui veut présenter le projet pendant le comité ?', 181, 182, ''),
(92, 3, 24, 'On est partis pour les parrainages ! Toi alors, tu est plutôt du genre ...', 183, 184, ''),
(93, -100, 24, 'Et plutot débile hein ?', 185, 186, ''),
(94, -100, 11, 'Bienvenue dans la famille JAUNE ! Je suis ton parrain !', 187, 188, ''),
(95, -100, 9, 'Bienvenue dans la famille BLEUE ! Je suis ta marraine !', 189, 190, ''),
(96, -100, 24, 'Et c\'est quoi ton petit nom ?', 191, 192, ''),
(97, -100, 7, 'Bienvenue dans la famille ORANGE ! Je suis ton parrain !', 193, 194, ''),
(98, -100, 24, 'Ah oui sorry sorry, d\'ailleurs on m\'a dit que tu étais plutôt doué en maths, tu pourras m\'aider un peu ?', 195, 196, ''),
(99, -100, 10, 'Bienvenue dans la famille VERTE ! Je suis ton parrain !', 197, 198, ''),
(100, -100, 6, 'Bienvenue dans la famille ROUGE ! Je suis ta marraine !', 199, 200, ''),
(101, -100, 36, 'Il faudrait vraiment que quelqu\'un s\'occupe du repas de famille ...', 201, 202, ''),
(102, -100, 36, 'Bon, le repas est au Régent !', 203, 204, ''),
(103, -100, 36, 'Merci de t\'occuper du repas ! Est ce que ce sera au régent ?', 205, 206, ''),
(104, -100, 3, 'Je suis fière de ma famille, même si on a pas de logo.', 207, 208, ''),
(105, -100, 8, 'Ouah ! On est de la même famille ! Viens au bar avec moi demain soir, on boira pour les jaunes !', 209, 210, ''),
(106, -100, 2, 'Apparemment il y a des familles à l’ENSC, super sympa non ?', 211, 212, ''),
(107, -100, 12, 'Le repas des familles c’est cool ! Bon moi je ne peux pas y aller j’ai mieux à faire mais c’est top !', 213, 214, ''),
(108, -100, 1, 'Trop bien, on est dans la meilleure famille !', 215, 216, ''),
(109, -100, 5, 'On ira boire ensemble en famille, cette année on va gagner !', 217, 218, ''),
(110, -100, 6, 'Le rouge ça porte chance !', 219, 220, ''),
(111, -1, 6, 'il y a un concours de meme, il faut que l’on gagne ces points !', 221, 222, '2,110'),
(112, -100, 6, 'C’est pas très sympa de se moquer de lui ...', 223, 224, ''),
(113, -100, 6, 'Haha, il va adorer !', 225, 226, ''),
(114, -100, 25, 'Bravo pour ton même extrèmement qualitatif ! ', 227, 228, ''),
(115, -1, 26, 'Aller on va soutenir notre école au match !', 229, 230, ''),
(116, -1, 8, 'Eh, j\'ai un truc qui pourrait t\'intéresser. Mais c\'est pas gratuit...', 231, 232, '10,117'),
(117, -100, 8, 'M-Mais où as-tu trouvé ces photos ?? Ok c\'est gratuit pour cette fois mais tu m\'effaces ça tout de suite ...', 233, 234, ''),
(118, -100, 8, 'Tu sais, mon papy est médecin, donc si t\'as besoin d\'un certificat médical tu sais à qui t\'adresser *wink wink*', 235, 236, ''),
(119, -1, 1, 'Viens, il fait beau, allons manger sur le patio !', 237, 238, '20,108'),
(120, -1, 3, 'Qu\'est-ce que tu penses faire après l\'école ?', 239, 240, '22,104'),
(121, -100, 31, 'J\'ai bien entendu ?', 241, 242, ''),
(122, -100, 31, '... Au moins vous n\'allez pas faire de la recherche...', 243, 244, ''),
(123, -100, 31, 'J\'ai bien entendu ?', 245, 246, ''),
(124, -1, 33, 'Il ne reste plus qu\'une seule place pour se garer : sous les fenêtres de Nadège.', 247, 248, ''),
(125, -1, 9, 'Dis, tu peux me prêter ton badge ? Et je te file toutes mes notes de cours ! Stp stp stp !', 249, 250, '20,411'),
(126, -1, 6, 'Eh, on a 15 minutes avant le prochain cours, café ?', 251, 252, '2,230'),
(127, -1, 2, '...', 253, 254, '23,106'),
(128, -1, 8, 'J\'organise une soirée chez moi ce soir, t\'es dispo ?', 255, 256, '22,105'),
(129, -1, 8, 'Tu vas pas deviner ce que Nathalie de la compta m\'a raconté !', 257, 258, ''),
(130, -1, 9, 'J\'ai perdu ma carte TBM, elle devrait être quelque part par là...', 259, 260, '20,411'),
(131, -1, 6, 'Hey, comment tu vas aujourd\'hui ?', 261, 262, '2,230'),
(132, -1, 33, 'Une élève tombe dans les escaliers sous vos yeux !', 263, 264, ''),
(133, -1, 7, 'Saluuuuut !', 265, 266, '22,227'),
(134, -1, 5, 'Ca fait un bail, ça te dit qu\'on aille se prendre une bière ce soir ?', 267, 268, '2,109'),
(135, -1, 7, 'Désolé de t\'embêter... J\'ai un service à te demander...', 269, 270, '22,227'),
(136, -100, 7, 'J\'ai une réunion, je suis super embêté ! Tu peux aller me chercher un sandwich au CROUS ? S\'il-te-plaît !', 271, 272, ''),
(137, -100, 7, 'Merci, je te revaudrai ça !', 273, 274, ''),
(138, -1, 33, ' Clement est accroupi devant une latte du patio, il semble parler mais vous n\'entendez rien...', 275, 276, ''),
(139, -100, 10, 'Bah je parle au chat, regarde !', 277, 278, ''),
(140, -1, 8, 'Viens, on va manger au thaï. On prendra des nems !', 279, 280, '22,105'),
(141, -1, 19, 'Salut ! Je suis un doctorant : je donne souvent des cours dans cette école.', 281, 282, ''),
(142, -1, 29, 'Sylvia apparaît au loin', 283, 284, ''),
(143, -1, 30, 'Vous désirez réserver une salle pour votre transdi ?', 285, 286, ''),
(144, -1, 31, 'Bonjour, comment allez-vous aujourd\'hui ?', 287, 288, ''),
(145, -1, 32, 'Si vous avez des bouchons, déposez-les à mon bureau !', 289, 290, ''),
(146, -1, 18, 'Tu as une drôle de mine ...', 291, 292, ''),
(147, -100, 18, 'Tu devrais aller voir le medecin vu ta tronche', 293, 294, ''),
(148, -1, 18, 'C\'est l\'heure de se lever!', 295, 296, ''),
(149, -1, 33, 'Vous regardez, pas convaincu(e), dans votre armoire', 297, 298, ''),
(150, -1, 18, '\"\"\"Hey coloc, on n\'a plus rien dans le frigo !)\"', 299, 300, ''),
(151, -1, 33, 'Cela fait maintenant 2 heures que votre coloc fait beaucoup trop de bruit, vous êtes à bout...', 301, 302, ''),
(152, -1, 33, 'Il est l\'heure de dîner, votre ventre est vide mais vous avez fini votre boulot pour aujourd\'hui.', 303, 304, ''),
(153, -1, 18, 'Soirée SImpsons à la télé, ça te tente ?', 305, 306, ''),
(154, -1, 33, 'Le tram B a encore des soucis ...', 307, 308, ''),
(155, -1, 7, 'Il est l\'heure ! L\'heure deeee...', 309, 310, '22,227'),
(156, -100, 33, 'Mais ?! La machine fait un bruit bizarre...', 311, 312, ''),
(157, -1, 7, 'Raah, c\'est déjà l\'heure de retourner en cours... On y va ?', 313, 314, '22,227'),
(158, -1, 15, 'Qu\'est-ce que vous faîtes la ? Allez en cours, et plus vite que ça !', 315, 316, ''),
(159, -1, 33, 'Vous envoyez un mail pour recevoir des allocations', 317, 318, ''),
(160, -1, 33, 'Le téléphone sonne', 319, 320, ''),
(161, -1, 37, 'Coucou chéri(e), c\'est mama! Comment tu vas ? Tu manges bien ? Tu dors bien ?', 321, 322, ''),
(162, -100, 37, 'Tu vas en cours, j\'espère ? Et tu écoures les professeurs, hein ? TU n\'es pas malade au moins ?', 323, 324, ''),
(163, -100, 37, 'En ce moment, il faut se couvrir, tu sais... Et ton appart, tu t\'en occupes ? Et-', 325, 326, ''),
(164, -100, 37, 'Bref, je m\'emporte.... Quoi de beau alors?', 327, 328, ''),
(165, -100, 37, 'Et tu penses à trouver un job, hein ?', 329, 330, ''),
(166, -1, 35, 'Votre projet de RAO sera ... De créer un système connecté pour les buralistes bordelais', 331, 332, ''),
(167, -1, 22, 'Il vous regarde avec un air intelligent', 333, 334, ''),
(168, 12, 22, 'Il y a beaucoup d\'objets qui disparaissent dans ce patio ...', 335, 336, ''),
(169, 12, 22, 'J\'entends les profs râler quand ils ne reçoivent pas les mails attendus ...', 337, 338, ''),
(170, 12, 22, 'En fonction du choix du film de la soirée, les jauges peuvent être bouleversées.', 339, 340, ''),
(171, 12, 22, 'Pour le secret santa, choisis ton cadeau en fonction de la personnalité de son destinataire !', 341, 342, ''),
(172, 12, 22, 'Privilégie de porter la couleur de ta famille.', 343, 344, ''),
(173, 21, 22, 'Le karma te rattrape toujours, n\'affiche pas trop tes amis !', 345, 346, ''),
(174, 12, 22, 'Si tu parles à des gens, tu peux débloquer de nouvelles cartes.', 347, 348, ''),
(175, 12, 22, 'Sois éco-responsable mon ami, c\'est vital !', 349, 350, ''),
(176, 12, 22, 'Miaou', 351, 352, ''),
(177, -100, 33, 'Vous sentez un  regain d\'énergie !', 353, 354, ''),
(178, -1, 8, 'Hey y a une soirée à l\'école ce soir, ça te tente ?', 355, 356, '22,105'),
(179, -1, 6, 'Pour fêter votre arrivée, on va tous au B&T !', 357, 358, '2,230'),
(180, -1, 8, 'Hey on va au B&T ce soir, ça te tente ?', 359, 360, '22,105'),
(181, -1, 8, 'Eh tu viens on sort ?', 361, 362, '22,105'),
(182, -1, 8, 'Mais qu\'est-ce qu\'il t\'arrive ?', 363, 364, '22,105'),
(183, -1, 33, 'Battre le champion buveur de bières (bières à 1€ ce soir) ?', 365, 366, ''),
(184, -1, 33, 'Aller danser ?', 367, 368, ''),
(185, -1, 10, 'Hé hé regarde ! J\'ai trouvé un passage secret !', 369, 370, ''),
(186, -100, 33, 'Vous arrivez au sous-sol. Le nombre d’élèves ayant déjà accédé à ce lieu se compte sur les doigts d’une main.', 371, 372, ''),
(187, -1, 6, 'Regarde, Franck est complètement bourré ... Attends est-ce qu\'il est en train de danser à poil sur le sofa ?!', 373, 374, '2, 230'),
(188, -100, 33, 'Vous vous occupez de Franck et il ne se souvient de rien le lendemain.', 375, 376, ''),
(189, -100, 33, 'On retrouve des photos de vous, nus avec un cup de soirée placé judicieusement pour ne pas choquer les plus pudiques', 377, 378, ''),
(190, -1, 27, 'Hey y\'a un p\'tit dej organisé demain matin, t\'y vas ?', 379, 380, ''),
(191, -1, 27, 'Hé gros, tu vas au foyer?', 381, 382, ''),
(192, -1, 27, 'Cette odeur est infecte ... Ca sort d\'où ?!', 383, 384, ''),
(193, -100, 33, 'Vous trouvez un bout de maroilles moisi, oublié après le repas des régions', 385, 386, ''),
(194, -1, 26, 'Le babyfoot est cassé !', 387, 388, ''),
(195, -1, 24, 'Une petite bière ? Le BDE a besoin de sous-- de soutien !!', 389, 390, ''),
(196, -1, 23, 'Prendre quelque chose au distrubuteur ?', 391, 392, ''),
(197, -100, 23, 'Hmmm... Que prendre ?', 393, 394, ''),
(198, -100, 10, 'Je t\'ai vu prendre quelque chose !', 395, 396, ''),
(199, -100, 10, 'Tu m\'en donnes ?', 397, 398, ''),
(200, -1, 27, 'Pour avoir son adresse e-mail, c\'est simple!', 399, 400, ''),
(201, -100, 27, 'Il faut ... hm... D\'abord euh ... Accéder à ... à L\'ENT ....', 401, 402, ''),
(202, -100, 27, 'Ensuite euuh. Hm... Cliquer sur. Sur ? Euh, accéder à... mes infos', 403, 404, ''),
(203, -100, 27, 'Et là ? Et là vous configurez votre... mot de passe! Oui, votre mot de passe', 405, 406, ''),
(204, -100, 5, 'Je crois qu\'on va avoir besoin de notre adresse e-mail...', 407, 408, ''),
(205, -100, 1, 'On doit cliquer où?', 409, 410, ''),
(206, -100, 8, 'Aaaah !! Je suis perdu!', 411, 412, ''),
(207, -100, 33, 'Vous croisez Frank lors d\'une soirée à l\'ENSC.', 413, 414, ''),
(208, -100, 33, 'Oh .. Vous apprenez des choses intéressantes ...', 415, 416, ''),
(209, -1, 8, 'hey tu t’amuses bien ? J’adore les soirées *hips* à l’école on rencontre toujours *hips* des gens incroyableeees', 417, 418, ''),
(210, -100, 33, 'Il refuse ... Heureusement, le BDE est là pour s\'en occuper.', 419, 420, ''),
(211, -100, 8, 'Je vais te *hips* payer une bièèreuh !', 421, 422, '22,105'),
(212, -1, 33, 'Vous rencontrez une fille mignonne. Se fier au théorème d\'octobre ?', 423, 424, ''),
(213, -100, 33, 'Oups, elle était en couple et installée, vous vous êtes pris un gros rateau.', 425, 426, ''),
(214, -1, 8, 'After chez qui ?', 427, 428, '22,105'),
(215, -1, 9, 'Oups c\'est l\'heure d\'y aller. Tu finis ton verre et on y va ?', 429, 430, '20,411'),
(216, -1, 5, 'C\'est l\'heure ! Vite, les bières sont gratuites !', 431, 432, '2,109'),
(217, -1, 19, 'Vous nous surveillez hein ?', 433, 434, '20,411'),
(218, -1, 20, 'Alors le petit nouveau, ce sera quoi pour toi ?', 435, 436, ''),
(219, -1, 11, 'On est au B&T depuis un moment, on devrait rentrer ...', 437, 438, '23,226'),
(220, -100, 33, 'Vous partez à l\'aventure avec des potes dans la ville. Tiens, votre badge est abîmé ... Qu\'a-t-il bien pu se passer ?', 439, 440, ''),
(221, -1, 8, 'Tu reprendras bien un verre ?', 441, 442, '22,105'),
(222, -100, 33, 'Vous ne vous souvenez de rien, vous vous retrouvez nu sous un pont, vous avez tout perdu dont votre badge. Qu\'y a-t-il bien pu se passer ?', 443, 444, ''),
(223, -100, 20, 'Ah te revoilà ! Quoi de neuf ?', 445, 446, ''),
(224, -100, 20, 'Ca va ! T\'es un bon gars. Tiens, je t\'offre un verre !', 447, 448, ''),
(225, -100, 20, 'Tu bois quoi ?', 449, 450, ''),
(226, -100, 11, 'J\'essaye de rapporter des points à ma famille, mais je finis toujours par m\'emmêler les pinceaux...', 451, 452, ''),
(227, -100, 7, 'On est pas souvent présent, mais tant qu’on s’amuse c’est pas grave !”', 453, 454, ''),
(228, -100, 10, 'Ah mince, j’avais oublié que j’avais un filot.e…', 455, 456, ''),
(229, -100, 9, 'Eh ! J’ai perdu ma carte, tu l’as pas vue ? Ah non, elle était dans ma main !”', 457, 458, ''),
(230, -100, 6, 'C’est génial d’avoir un parrain. Si tu as le moindre problème, demande moi je serais là pour t’aider !', 459, 460, ''),
(231, -100, 26, 'Hey ! C\'est l\'heure du week end ski ! Ca te branche ?', 461, 462, ''),
(232, -100, 7, 'Qu\'est-ce qu\'on fait aujourd\'hui ?', 463, 464, ''),
(233, -100, 7, 'Et pour ce soir ?', 465, 466, ''),
(234, -100, 26, 'Tu veux demander le foodpack ?', 467, 468, ''),
(235, -100, 24, 'Le WES, vous faîtes le voyage de nuit et arrivez au chalet à temps pour finir votre nuit pour profiter du week end', 469, 470, ''),
(236, -1, 25, 'Un cognitwister, ça vous dit ?', 471, 472, ''),
(237, -1, 33, 'Alors que vous vous dirigiez vers les toilettes, vous entendez un bruit qui vient du box du fond...', 473, 474, ''),
(238, -1, 33, 'Vous trouvez Franck en train de vomir ...', 475, 476, ''),
(239, 7, 8, '“Tu me donnes un bon pour le champagne ? Je te l’échange contre une entrée.”', 477, 478, '22,104'),
(240, 7, 3, 'Oulala, il y a tous les profs… Tiens, tu veux mes bons pour le champagne ? Je préfère éviter.', 479, 480, ''),
(241, 7, 24, 'Viens faire une photo ! Avec…', 481, 482, ''),
(242, -100, 33, 'Elle n\'était pas venue...', 483, 484, ''),
(243, 7, 13, 'Je ne suis pas sûr que ce soit un endroit pour moi…', 485, 486, ''),
(244, 7, 30, 'Vous voulez prendre une photo ?', 487, 488, ''),
(245, -1, 25, 'On a une soirée cinéma à vote démocratique cette semaine, quel film vous voudez voir ?', 489, 490, ''),
(246, -100, 25, 'Le Roi Lion passe ce soir! Vous venez ?', 491, 492, ''),
(247, -100, 33, 'Ca a toujours été votre Disney préféré', 493, 494, ''),
(248, -100, 25, 'L\'exorciste passe ce soir! Vous venez ?', 495, 496, ''),
(249, -100, 33, 'Vous rentrez chez vous, chamboulés. Vous êtes persuadés d’avoir été victime d’un phénomène paranormal', 497, 498, ''),
(250, -100, 25, 'On a une soirée cinéma à vote démocratique cette semaine, quel film vous voudez voir ?', 499, 500, ''),
(251, -100, 25, 'Astérix Mission cléopâtre passe ce soir! Vous venez ?', 501, 502, ''),
(252, -100, 33, 'Vous avez bien ri, tout le monde aime Asterix Mission Cléopâtre', 503, 504, ''),
(253, -100, 25, 'Titanic passe ce soir! Vous venez ?', 505, 506, ''),
(254, -100, 33, 'Inconsolable, vous pleurez toute la nuit...', 507, 508, ''),
(255, 9, 33, 'C\'est bientôt noël! Et secret santa va bientot passer... J\'imagine que vous voulez participer ?', 509, 510, ''),
(256, -100, 33, 'Vous avez pioché le nom de Jean-Eudes !', 511, 512, ''),
(257, -100, 33, 'Vous avez pioché le nom de Béatrice !', 513, 514, ''),
(258, -100, 33, 'Vous avez pioché le nom de Martine !', 515, 516, ''),
(259, -100, 33, 'Vous avez pioché le nom de Franck !', 517, 518, ''),
(260, -100, 33, 'C’est ce soir le Secret Santa ! Tu as trouvé ce que tu vas offrir pour ton secret santa ?', 519, 520, ''),
(261, -100, 33, 'C’est ce soir le Secret Santa ! Tu as trouvé ce que tu vas offrir pour ton secret santa ?', 521, 522, ''),
(262, -100, 33, 'C’est ce soir le Secret Santa ! Tu as trouvé ce que tu vas offrir pour ton secret santa ?', 523, 524, ''),
(263, -100, 33, 'C’est ce soir le Secret Santa ! Tu as trouvé ce que tu vas offrir pour ton secret santa ?', 525, 526, ''),
(264, -100, 33, 'Vous vous empressez d\'ouvrir votre cadeau  : c\'est une thermos !', 527, 528, ''),
(265, -100, 33, 'Mais vous ne trouvez rien à votre nom...', 529, 530, ''),
(266, 4, 8, 'Les 14 veulent que tu bouffes du poisson cru.', 531, 532, ''),
(267, 4, 2, 'Ohoh… on dirait qu’on arrive un peu tard, il n’y a presque plus de goodies !', 533, 534, ''),
(268, -100, 33, 'Les gens vous regardent bizarrement, mais au moins vous vous protégez', 535, 536, ''),
(269, 4, 1, 'Regarde, ils nous ont filé un indice pour trouver notre chambre. On dirait…', 537, 538, ''),
(270, -100, 33, 'Vous trouvez facilement votre chambre et vous vous reposez un peu', 539, 540, ''),
(271, -100, 33, 'Vous tombez face aux 14 et vous faites salement bizuter...', 541, 542, ''),
(272, 4, 26, 'C’est l’heure de l’activité du BDS ! Au menu : oeufs, farine et pâté pour chien !', 543, 544, ''),
(273, 4, 25, 'C’est l’activité BDA ! Au menu : … on a pas bien compris les règles en fait', 545, 546, ''),
(274, -100, 33, 'Les membres du BDA vous détestent et vous n’avez plus de voix', 547, 548, ''),
(275, -100, 33, 'Vous discutez avec les autres de votre famille, qui n’ont pas bien compris les règles non plus', 549, 550, ''),
(276, 4, 27, 'C’est l’activité JE ! Au menu : des boissons… douteuses.. miam', 551, 552, '22, 227'),
(277, 4, 12, 'Alors, c’est quoi ton costume pour la soirée d’aujourd’hui ?', 553, 554, ''),
(278, -1, 4, 'On a encore du temps avant le rendu des livrables du transpromo', 555, 556, ''),
(279, -100, 4, 'Il nous faudrait peut-être une valeur ajoutée...?', 557, 558, ''),
(280, -100, 4, 'Quelque chose de ....', 559, 560, ''),
(281, -100, 4, 'Mais oui, un cas pratique !', 561, 562, ''),
(282, -100, 4, 'Ca va être bien !!', 563, 564, ''),
(283, -100, 4, 'Nous allons tester ... La VR !!', 565, 566, ''),
(284, -1, 33, 'Rester travailler encore un peu ?', 567, 568, ''),
(285, -100, 33, 'Vous croisez un professeur', 569, 570, ''),
(286, -100, 15, 'Bonsoir, vous êtes encore là ? Besoin d\'un peu d\'aide ?', 571, 572, ''),
(287, -100, 15, 'Suivez-moi alors, je vais vous montrer quelque chose qui pourra vous être utile.', 573, 574, ''),
(288, -100, 15, 'Bienvenue ...', 575, 576, ''),
(289, -100, 15, 'Au bâtiment EST ! Vous avez désormais accès aux appareils de stimulation et autres choses très intéressantes !”', 577, 578, ''),
(290, -1, 7, 'Ca te parle le WEF ?', 579, 580, ''),
(291, -100, 7, 'Ouais, c\'est organisé par le BREI !', 581, 582, ''),
(292, -100, 7, 'Mais non, patate ! Le B - R - E - I !', 583, 584, ''),
(293, -100, 7, 'Si tu veux t\'inscrire, passe voir Louise, elle tient un stand sur le patio !', 585, 586, ''),
(294, -100, 33, 'Aller', 587, 588, ''),
(295, -100, 28, 'Tu viens t\'inscrire ?', 589, 590, ''),
(296, -1, 12, 'Salut toi, je suis une pompom, apprends la choré de l’INP avec moi !', 591, 592, ''),
(297, -100, 12, 'Musique ! Un, lever les bras !', 593, 594, ''),
(298, -100, 12, 'Deux, tourner sur soi !', 595, 596, ''),
(299, -100, 12, 'Trois, shagass !', 597, 598, ''),
(300, -100, 12, 'C\'est bon ?', 599, 600, ''),
(301, -100, 12, 'Donc, lever de bras, tour sur soi et shagass ! Et on reste en rhytme !', 601, 602, ''),
(302, -100, 12, 'C\'est l\'heure du tournoi Krystal ! On fait la choré avec toute l\'école !', 603, 604, ''),
(303, -100, 12, 'Un !', 605, 606, ''),
(304, -100, 12, 'Aie, raté, c\'est pas grave, on continue ! Deux !', 607, 608, ''),
(305, -100, 12, 'Deux !', 609, 610, ''),
(306, -100, 12, 'Mais tu le fais exprès ? Arrgh Trois !', 611, 612, ''),
(307, -100, 12, 'Trois !', 613, 614, ''),
(308, -100, 12, 'Aie, raté, c\'est pas grave, on continue ! Trois !', 615, 616, ''),
(309, -100, 12, 'Trois !', 617, 618, ''),
(310, -100, 12, 'Aie, raté !', 619, 620, ''),
(311, -100, 12, 'Excellent ! Tu es la fierté de notre école !', 621, 622, ''),
(312, -100, 12, 'Pas mal pour un premier Krystal !', 623, 624, ''),
(313, -100, 12, 'Tu es la honte de notre école', 625, 626, ''),
(314, -100, 12, 'C\'est pas encore ça...', 627, 628, ''),
(315, -100, 33, 'Personne ne vous calcule tant vous semblez n’avoir fait aucun effort, et passez la soirée à déprimer dans un coin', 629, 630, ''),
(316, -100, 33, 'Votre costume est éblouissant d’originalité, vous êtes la star de la soirée', 631, 632, ''),
(317, 4, 8, 'Tu prends quel bus pour le retour ?', 633, 634, ''),
(318, -100, 33, 'Certaines personnes dans votre bus ne semblent pas connaître le mot fatigue et passent le trajet à discuter, chanter et plus généralement crier', 635, 636, ''),
(319, -100, 33, 'Le trajet se passe sans encombre et vous rattrapez tant bien que mal vos 16 heures de sommeil manquantes', 637, 638, ''),
(320, 4, 3, 'Les deuxièmes années sont passés dans nos chambre, c’est le bordel…', 639, 640, '22,104'),
(321, 4, 12, 'C’eeeest leee....', 641, 642, ''),
(322, 5, 12, 'Ce soir c’est le repas des régions ! Tu as apporté quelque chose de chez toi ?', 643, 644, ''),
(323, -100, 33, 'huum… c\'est bon mais… ça pue un peu', 645, 646, ''),
(324, -100, 33, 'Oui *hips*, c’est hum… oh il y a du vin sur la table du sud ouest !', 647, 648, ''),
(325, 4, 7, 'Viens, on va grignoter tout ça au foyer, j’embarque le maroilles !', 649, 650, ''),
(326, 8, 25, 'C’est l’heure du fameux rallye des apparts … Trouve un groupe et fais le tour des apparts des 2A pour manger !', 651, 652, ''),
(327, -100, 25, 'Oh tiens on dirait des gens de l’école là-bas…', 653, 654, ''),
(328, 6, 26, 'C’est l’heure de l’interpromo ! C’est une compétition sportive entre 1A, 2A et 3A !', 655, 656, ''),
(329, -100, 26, 'C’est bien, donne toi à fond !', 657, 658, ''),
(330, -100, 33, 'Vous vous blessez pendant le match...', 659, 660, ''),
(331, -100, 12, 'Les premières années c’est par la !', 661, 662, ''),
(332, -100, 12, 'C’est les pompoms ! Attends, c’est quoi les couleurs de l’école ?', 663, 664, ''),
(333, -100, 12, 'Non c\'est le orange, même si c\'est moche ...', 665, 666, ''),
(334, -100, 12, 'Oui malheureusement...', 667, 668, ''),
(335, -100, 26, 'Match de foot : à vous de tirer ce corner', 669, 670, ''),
(336, -100, 33, 'La balle prend une courbure impossible et vous marquez contre votre camp… Mais qu’est ce qu’il vient de se passer ?', 671, 672, ''),
(337, -100, 33, 'L’équipe adverse rattrape votre tir, mais rien n’est encore joué.', 673, 674, ''),
(338, -100, 26, 'Match de volley : la balle arrive, arrive.. elle arriveeeeee !', 675, 676, ''),
(339, -100, 33, 'Votre partenaire de transdi la renvoie parfaitement ! Vous formez une bonne équipe…', 677, 678, ''),
(340, -100, 33, 'Ce coût maladroit la sort du terrain… vous vous sentez mal pour votre promotion', 679, 680, ''),
(341, -100, 26, 'Match de hand : le but est devant, la balle dans votre main', 681, 682, ''),
(342, -100, 33, 'Whoua ! tout le monde vous surnomme maintenant 360', 683, 684, ''),
(343, -100, 33, 'Le gardien n’arrive pas à la rattraper, et la lance avec animosité… sur votre têtL', 685, 686, ''),
(344, -100, 26, 'Match de basket : le panier à trois points est votre seule chance de remonter le score !', 687, 688, ''),
(345, -100, 33, 'Vous ratez, mais votre équiper la rattrape et marque, c’est déjà ça de pris', 689, 690, ''),
(346, -100, 33, 'Ce maladroit se la prend dans la figure… vous ne connaissez pas très bien votre promo', 691, 692, ''),
(347, -1, 30, 'La CTI est aux portes de l’ENSC !', 693, 694, ''),
(348, -1, 30, 'La cuisine du bâtiment Nord est sale, nettoyez-la !', 695, 696, ''),
(349, -100, 30, 'Et alors ? On s’active et plus vite que ça !!!!!', 697, 698, ''),
(350, -1, 24, 'Salut, je suis du BDE! Tu connais ?', 699, 700, ''),
(351, -1, 24, 'Merci d\'avoir payé ton WEI, voici ta carte d\'adhérent', 701, 702, ''),
(352, -1, 26, 'Salut, je suis du BDS ! Tu connais ?', 703, 704, ''),
(353, -100, 26, 'Tu veux adhérer ? On a des réducs ches Burger Food !', 705, 706, ''),
(354, -1, 25, 'Salut, je suis du BDA ! Tu connais ?', 707, 708, ''),
(355, -100, 25, 'Tu veux adhérer ? On fait des sorties au théâtre et des ateliers créatifs incroyables !', 709, 710, ''),
(356, -1, 27, 'Salut, je suis de la i2c ! Tu connais ?', 711, 712, ''),
(357, -100, 27, 'Oui c\'est ça ! Nous sommes un peu spécial, car nous sommes à la fois une asso ET une entreprise.', 713, 714, ''),
(358, -100, 27, 'Si tu veux participer, viens à nos formations pour les postes!', 715, 716, ''),
(359, -1, 33, 'Tiens, il y a une formation de la JE : Y aller ?', 717, 718, ''),
(360, -100, 33, 'C\'était très intéressant, je reviendrais. Je pourrais devenir un membre de cette as.. euh entreprise !.. Enfin de la JE, quoi.', 719, 720, ''),
(361, -100, 27, 'Bravo, tu es membre de la JE maintenant !', 721, 722, ''),
(362, -100, 33, 'Vous entrez dans dans le cercle très fermé des juniors entrepreneurs. Vous recevez maintenant ce badge de la junior entreprise. Il est incassable et vous permettra d’accéder à toutes le salles', 723, 724, ''),
(363, -100, 27, 'Mais n\'oublie pas, nous avons des responsabilités', 725, 726, ''),
(364, 1, 7, 'RU ou cafet\' ?', 727, 728, ''),
(365, -100, 7, 'Argh, je voulais plutôt aller à la cafet\' ... On règle ça au babyfoot ?', 729, 730, ''),
(366, -100, 7, 'Argh, je voulais plutôt au RU ... On règle ça au babyfoot ?', 731, 732, ''),
(367, -100, 7, 'J\'ai perdu ... C\'est parti pour le RU', 733, 734, ''),
(368, -100, 7, 'Haha ! C\'est parti pour la cafet\'', 735, 736, ''),
(369, -1, 7, 'On va où ?', 737, 738, ''),
(370, -100, 33, 'Le menu ne correspondait pas à ce qui avait été annoncé ...', 739, 740, ''),
(371, -100, 33, 'Vous faites tomber votre badge par terre. Heureusement, vous vous en apercevez assez vite et le ramassez rapidement, mais il est légèrement abîmé…', 741, 742, ''),
(372, -100, 7, 'J\'ai perdu ... C\'est parti pour la cafet\'', 743, 744, ''),
(373, -100, 7, 'Haha ! C\'est parti pour le RU !', 745, 746, ''),
(374, -100, 7, 'On décide au shotgun ou on vote ?', 747, 748, ''),
(375, -100, 7, 'Argh ... C\'est tendu ... On règle ça au babyfoot ?', 749, 750, ''),
(376, -100, 7, 'Argh ... C\'est tendu ... On règle ça au babyfoot ?', 751, 752, ''),
(377, -100, 3, 'Tu as ton premier choix !', 753, 754, ''),
(378, -100, 3, 'Mince, tu es arrivé trop tard et tu as eu le pire sujet ...', 755, 756, ''),
(379, -100, 3, 'Bon ça va, tu as eu ton deuxième choix !', 757, 758, ''),
(380, -100, 30, 'Vous êtes le pire élève de cette école depuis 30 ans ! Partez immédiatement.', 759, 759, ''),
(381, -100, 33, 'Vous êtes viré de l\'école et ... vous finissez à la fac', 767, 767, ''),
(382, -100, 30, 'Vous savez déjà tout... qu\'est ce que vous faites encore ici ?', 760, 760, ''),
(383, -100, 33, 'Vous obtenez un prix Nobel et quittez l\'école.', 767, 767, ''),
(384, -100, 7, 'Euh.. tu es de l\'Enseirb c\'est ça ?', 761, 761, ''),
(385, -100, 33, 'Personne ne vous reconnaît, même les profs... L\'administration finit par vous mettre à la porte.', 767, 767, ''),
(386, -100, 33, 'Attention, une foule en délire arrive par ici !', 762, 762, ''),
(387, -100, 33, 'Ils sont trop nombreux, vous finissez étouffez.', 767, 767, ''),
(388, -100, 33, 'C\'est la maladie...', 763, 763, ''),
(389, -100, 33, 'Vous finissez vos jours à l\'hôpital. ', 767, 767, ''),
(390, -100, 33, 'Plein d\'énergie, vous participez à toutes les activités possibles, adhérez à tous les clubs et commencez à donner des cours à des lycéens. ', 764, 764, ''),
(391, -100, 33, 'Vous tenez cinq jours avant de vous effondrer à cause du surmenage.', 767, 767, ''),
(392, -100, 33, 'Ca devient compliqué niveau argent... ', 765, 765, ''),
(393, -100, 33, 'SDF, vous ne pouvez payez votre repas du RU', 767, 767, ''),
(394, -100, 33, 'Pourquoi étudier quand on est riche ?', 766, 766, ''),
(395, -100, 33, 'Vous partez en vacances et préférez ne pas revenir en cours.', 767, 767, ''),
(396, -1, 30, 'Eh vous ! Vous avez votre badge ?', 768, 768, '1,397&14,39'),
(397, -100, 30, 'Bien, ne le perdez pas.', 769, 770, ''),
(398, -100, 33, 'Sans badge, vous êtes mis à la porte de l\'école....', 767, 767, ''),
(399, -100, 29, 'Bon, reposez-vous.  Que ça ne se reproduise pas ! ', 771, 772, ''),
(400, -100, 29, 'Vous voudrez que je vous fasse un badge à la place de ça ?', 773, 774, ''),
(401, -100, 7, 'Le orange ça porte chance !', 219, 220, '22,227'),
(402, -1, 7, 'il y a un concours de meme, il faut que l’on gagne ces points !', 221, 222, '22,227'),
(403, -100, 7, 'C’est pas très sympa de se moquer de lui ...', 223, 224, '22,227'),
(404, -100, 7, 'Haha, il va adorer !', 225, 226, '22,227'),
(405, -100, 11, 'Le jaune ça porte chance !', 219, 220, '23,226'),
(406, -1, 11, 'il y a un concours de meme, il faut que l’on gagne ces points !', 221, 222, '23,226'),
(407, -100, 11, 'C’est pas très sympa de se moquer de lui ...', 223, 224, '23,226'),
(408, -100, 11, 'Haha, il va adorer !', 225, 226, '23,226'),
(409, -1, 9, 'Le bleu ça porte chance !', 219, 220, '20,229'),
(410, -1, 9, 'il y a un concours de meme, il faut que l’on gagne ces points !', 221, 222, '20,229'),
(411, -100, 9, 'C’est pas très sympa de se moquer de lui ...', 223, 224, '20,229'),
(412, -100, 9, 'Haha, il va adorer !', 225, 226, '20,229'),
(413, -100, 10, 'Le vert ça porte chance !', 219, 220, '21,228'),
(414, -1, 10, 'il y a un concours de meme, il faut que l’on gagne ces points !', 221, 222, '21,228'),
(415, -100, 10, 'C’est pas très sympa de se moquer de lui ...', 223, 224, '21,228'),
(416, -100, 10, 'Haha, il va adorer !', 225, 226, '21,228'),
(417, -1, 33, 'Vous rencontrez une fille mignonne. Se fier au théorème d\'octobre ?', 775, 776, ''),
(418, -100, 33, 'cette carte traîne toute suele', 767, 767, ''),
(419, -1, 12, 'Hey, je suis une pompom de l\'ENSC, passe me voir à l\'occasion pour apprendre la choré', 777, 778, '21,107'),
(420, 9, 33, 'C\'est bientôt noël! Et secret santa va bientot passer... J\'imagine que vous voulez participer ?', 779, 780, ''),
(421, 9, 33, 'C\'est bientôt noël! Et secret santa va bientot passer... J\'imagine que vous voulez participer ?', 781, 782, ''),
(422, 9, 33, 'C\'est bientôt noël! Et secret santa va bientot passer... J\'imagine que vous voulez participer ?', 783, 784, ''),
(423, -100, 33, 'Puah ! C\'ets infecte... Vous décédez dans d\'affreuses circonstances...', 767, 767, ''),
(424, -100, 29, 'Ah, bonjour vous avez besoin de quelque chose ?', 785, 786, '1,400&15,40'),
(425, -100, 33, 'Pesto vous chope dans un couloir, vous en sortez traumatisé et ne revenez plus jamais à l\'école.', 767, 767, ''),
(426, -100, 33, 'Pierre Alexis Gravier vous insulte copieusement, vous sortez du cours en pleurant et ne revenez plus jamais à l\'école.', 767, 767, ''),
(427, -100, 33, 'Sysylvia vous rassemble tous dans un amphi pour trouver un coupable, vous vous faites salement balancer par vos supposés amis et ne remmettez jamais les pieds à l\'école.', 767, 767, ''),
(428, -100, 33, 'C\'est les vacances ! Vous pouvez vous reposer...', 787, 788, ''),
(429, -100, 33, 'Kujewski vous saque sans vergogne pour tous vos DS et projets, vous êtes expulsé pour incompétence.', 767, 767, ''),
(430, -100, 33, 'Sysylvia vous rassemble tous dans un amphi pour trouver un coupable de garage génant, vous vous faites salement balancer par vos supposés amis et ne remmettez jamais les pieds à l\'école.', 767, 767, ''),
(431, -100, 33, 'Sur les pistes, vous vous étouffez avec un bout de pain de mie. Vous avez juste le temps de regretter avoir dévoré le foodpack du BDS avant de perdre connaissance.', 767, 767, ''),
(432, -100, 33, 'Après avoir gesticulé de manière ridicule au Krystal, tout le monde vous dévisage... Vous êtes la honte de l\'ENSC', 767, 767, ''),
(433, -100, 33, 'La CTI est outrée en voyant tous les élèves bourrés et retire le titre d\'école d\'ingénieurs à l\'ENSC qui sombre dans l\'oubli...', 767, 767, ''),
(434, -1, 5, 'On a un projet pour lundi mais j\'ai poney ce soir, tu peux rester finir le code ? Je m\'occupe du compte-rendu ce week end...', 789, 790, ''),
(435, -100, 33, 'Vous ne voyez pas le temps passer et vous restez bloqué tout le week end dans l\'école. On vous retrouve inconscient le lundi matin...', 767, 767, ''),
(436, -100, 30, 'Ah ! Très bien ! Vous pouvez circuler...', 791, 792, ''),
(437, -100, 33, 'Le directeur vous retire votre badge, vous n\'êtes plus digne de l\'école...', 767, 767, ''),
(438, -100, 33, 'Des photos comprométantes de vous se propagent partout sur le net. Vous devenez la risée de l\'école...', 767, 767, ''),
(439, -100, 7, 'Mais non, voyons ! Tu ne le reconnais pas ?', 793, 793, ''),
(440, -100, 33, 'Ouf le drive t\'a sauvé ! Merci la famille !', 794, 794, '');

-- 
